标题,户型,租房方式,房屋大小,房屋朝向,楼层,小区名称,地址,房租,地铁,房屋配置,房屋描述
殷陈小区(工业南路) 3室1厅1卫 2300元月 精装修,3室1厅1卫,整租,100O,南北,低层 / 32层,殷陈小区(工业南路),"历城济钢 - 工业南路,近飞跃大道",2300,无,"['电视', '空调', '热水器', '洗衣机', '冰箱', '床', '沙发', '衣柜', '暖气', '宽带', '可做饭', '阳台']",来《国源美寓》享受《爱情公寓》般的居住方式，首月房租减半【仅限十天】，物业取暖全免。在这里，不会存在带老人小孩，养宠物的人，都是正常的上班族，给你营造一个舒适安静的居住环境。在这里，你有灵活的*方式，可以压一付一，付三，付六，付十二，适合各个层次的人群。在这里，我们有每月两次查房，配合你解决一切问题，为你营造一个安全舒适的生活环境。在这里，你不用担心家具家电的损坏造成你工作的困扰，我们有专门上门维修的师傅，不会影响你正常的工作。也许在这里，你也会像爱情公寓里的人一样找到自己心仪的对象。所以心动不如行动，我24*在这等你，时间不等人，十天活动时间只有九天了，微信随时等你！
急急急 中建凤栖第 自住标准 拎包入住 随时看房 手慢则无,2室2厅1卫,整租,87.9O,南北,高层 / 33层,中建凤栖第,历城建筑大学 - 凤歧路3566号,2400,无,"['电视', '空调', '热水器', '洗衣机', '冰箱', '床', '沙发', '衣柜', '暖气', '宽带', '可做饭', '阳台']",房源描述1，房子双卧室朝阳，全明户型，客厅带阳台，采光好！2，价格合理，干净卫生！3，室内带简单装修，可以做饭洗澡，家具齐全！4，中间楼层，小区位置，安全安静！5，24H保安执勤，门禁出入封闭社区！6，配套齐全，门口有商业街，交通便利，紧邻公交车站！建大：建筑大学建大花园精装三室拎包入住房子有车位位置好
鑫苑鑫中心 实图实价无中介  铂瑞斯 齐鲁华能路 科技,1室1厅1卫,整租,42.86O,南,高层 / 18层,鑫苑鑫中心,历城东风 - 华信路1号,2798,无,"['电视', '空调', '热水器', '洗衣机', '冰箱', '床', '沙发', '衣柜', '暖气', '宽带', '可做饭', '阳台']","中介勿扰中介勿扰中介勿扰1、公寓直租（不收取任何附加费用）一年起租（可短租）（可短租）（可短租）支持月付，季付，半年付，年付。（无中介费，月付无压力，付款方式不同，价格相应不同）全部房源为真实有效房源都实图实价2、房源充足（房源分布广，历城区、历下区、天桥区、市中区、高新区均有房源）3、房屋精装修标配风格家具、WIFI,空调，热水器，洗衣机等，专属管家服务，安全有保障4、不玩虚假套路，真情实意的为您挑选且合适的房源！"
整租，许商办事处多层楼房，三室两厅一卫，家具家电齐全拎包入住,3室2厅1卫,整租,107O,南北,共5层,滨河壹号,商河商河城区 - 滨河路,1350,无,"['电视', '空调', '热水器', '洗衣机', '冰箱', '床', '沙发', '衣柜', '暖气', '可做饭', '阳台']",整租，许商办事处多层楼房，三室两厅一卫，家具家电齐全拎包入住，停车方便，免物业费
大明湖 长途汽车站 三孔桥 山钢锦绣华府 个人实图实价无中介,3室2厅1卫,整租,137O,南,高层 / 23层,山钢锦绣华府,天桥三孔桥 - 三孔桥街57号,3500,无,"['电视', '空调', '热水器', '洗衣机', '冰箱', '床', '沙发', '衣柜', '暖气', '宽带', '可做饭', '阳台']",房源覆盖：历城区，天桥区，高新区，历下区！整租一室两室公寓小区精装豪装房源多多质询＋↓付款方式：可押一付三！半年付，年付可优惠！租期：限长租！1，随时电话联系看房如不方便可加：（卫心）看序列号！↓→（1）（7）（5）（6）（2）（1）（3）（2）（5）（2）（6）2，全套宜家风格家具家电，设施齐全3，房源多多户型多多联系我多样户型任你挑选3，专属管家服务，安全保障4，全部实拍图，无P图，精装修，适合追求精致小资生活的人士也许你一个人在外打拼，背井离乡，不远千里落脚在这座城市里，因此，愿租房这件小事，能为你留下美好温馨的回忆...
可短租，可月付，精装修，紧邻齐鲁软件园，美莲广场，拎包入住,1室1厅1卫,整租,33O,南,中层 / 30层,万科麓公馆,高新齐鲁软件园 - 舜风路,1400,无,"['电视', '空调', '热水器', '洗衣机', '冰箱', '床', '沙发', '衣柜', '暖气', '宽带', '可做饭', '阳台']",精装单间会展中心齐鲁软件园万达拎包入住，小区环境优雅，物业正规，管理严格，适宜居住，设施齐全，全套家具家电，拎包即可入住！1、位置优越：小区周边商铺众多；紧邻国际会展中心万达广场银座华润万家丁豪广场美莲广场，购物方便。2、交通便利：地处工业南路主干道两侧周边，路过公交车多条线路包括：138、63、10、47、99、122、308、311、318、319、321、322、K160、K162、K163、150、503、40、K166、87等，出行方便。4、上班方便：紧邻齐鲁软件园丁豪广场国际会展中心银河大厦三庆财富中铁财智省立东院舜泰广场浪潮集团美莲广场留学人员创业园大学科技园奥盛大厦5、配套设施齐全包括：床、大衣柜、电脑桌、椅子、鞋架、衣架、冰箱、空调、全自动洗衣机、热水器等
出租化纤厂路花园路科苑小区北区精装婚房，楼层好，拎包入住,2室2厅1卫,整租,85O,南北,低层 / 7层,科苑小区(北区),历下花园路 - 化纤厂路,2800,距离地铁R3号线花园东路站1317米,"['电视', '空调', '热水器', '洗衣机', '冰箱', '床', '沙发', '衣柜', '暖气', '宽带']",【科苑小区】:化纤厂路与花园路交汇处，高档小区，有天然气和暖气，小区停车方便。【户型】:精装修，两室两厅一卫，家电家具都有，拎包入住，双气，户型正气，大客厅气度华贵，一家人甜蜜的美好时光。主营楼盘有：保利海德公馆、辛甸花园、富翔天地，七里河小区、百花小区、锦绣泉城、华龙路单位宿舍，华信花园，逸东花园、鑫苑鑫中心、上海花园、东方花园、假日丽景、大地锐城、茗筑华府、蓝调国际、御华嘉苑、凯旋公馆、花园小镇，科苑小区，新馨翠家园、翡翠大观、保利华庭、万科城、丰奥嘉园等高档小区。
精装修王官庄两室一厅。非常干净。家具家电齐全。拎包入住，急租,2室1厅1卫,整租,70O,南,中层 / 6层,王官庄小区(九区),市中王官庄 - 南辛庄西路,1400,无,"['电视', '空调', '热水器', '洗衣机', '冰箱', '床', '沙发', '衣柜', '暖气', '宽带', '可做饭', '阳台']",房屋特征：，装修很好，房主收拾的非常温馨舒适，空调，冰箱，洗衣机全都配齐，周边配套：房子在王官庄，成熟社区，配套设施齐全，生活方便，靠近大众广场，华润超市，菜市场，交通情况：交通便利，102.104.21.29.13.125.K92路等公交车路线经过。
温馨居家小三室 居住舒适 环境优美 期待您的光临,3室2厅1卫,整租,97O,南北,高层 / 22层,实力伴云居,"槐荫经十西路 - 经十路,近腊山北路",1800,无,"['电视', '空调', '热水器', '洗衣机', '冰箱', '床', '沙发', '衣柜', '可做饭', '阳台']",小区介绍：拥有30%以上的绿化率，堪称天然氧吧。门口就有公交车站地铁站，上下班方便。房源介绍：这套房子户型超好，大厅主卧朝向合理，特别敞亮，每个房间都很大，采光相当好业主情况：业主诚心出租，随时看房，资深房产顾问的我竭诚为您服务！
泉景秀园 精装一室 家具家电齐全 拎包入住 紧邻欧亚大观,1室1厅1卫,整租,77O,南北,高层 / 12层,泉景天沅秀园,市中郎茂山 - 刘长山路33号,1700,无,"['电视', '空调', '热水器', '洗衣机', '冰箱', '床', '沙发', '衣柜', '暖气', '宽带', '可做饭', '阳台']",交通便利封闭式小区人身安全有保障人文素质极高生活配套齐全
可短租 精装挑空复式 凤凰SOHO 一室一厅 高新万达,1室1厅1卫,整租,60O,西,低层 / 18层,凤凰SOHO,高新国际会展中心 - 凤凰路,2000,无,"['电视', '空调', '热水器', '洗衣机', '冰箱', '床', '沙发', '衣柜', '暖气', '宽带', '可做饭', '阳台']",1、位置：高新花园东路和凤凰路口2、户型：复式公寓楼上卧室楼下客厅厨房卫生间3、配套：双人床、床头柜、衣橱、沙发、茶几、电视机电视机柜、冰箱、洗衣机、空调、整体厨房油烟机、整体卫生间热水器等全套家居家电4.有钥匙随时看房随时入住好房5、高新工业南路、奥体中路、奥体中心、高新会展中心、汉峪、齐鲁软件园高新万达广场及凤凰路周边房源都有，需要的客户可以随时联系我。点击我的头像可直接进入我的网络门店查看更好！
家具齐全，拎包入住，停车方便,3室2厅1卫,整租,119.5O,南北,中层 / 32层,恒大绿洲,长清恒大绿洲 - 大学路6677号,2000,无,"['空调', '热水器', '洗衣机', '冰箱', '床', '沙发', '衣柜', '暖气', '可做饭', '阳台']",南北通透。户型好，家具齐全，拎包入住，交通便利
可月付 东八区对面 唐冶西路 贞观街 唐官小区 火炬东第 精,1室0厅1卫,整租,30O,南北,中层 / 32层,龙湖春江悦茗,"历城唐冶 - 唐冶西路,近文苑街",750,无,"['电视', '空调', '热水器', '洗衣机', '冰箱', '床', '沙发', '衣柜', '暖气', '宽带', '可做饭', '阳台']",质房源出租:独立厨卫房源出租区域：高新区、历下区、历城区、唐冶区出租房源描述：独立厨卫一居，家具家电齐全，拎包入住，交通便利，生活设施齐全，住户长租包管理、维修，小区出行方便。价位：性价比颇高，良心价位800-1500，都是独卫。合租房源：600-800，两户合租，卫生干净。环境优美，不良客户不要，只租正常上班年轻人，上班点正常且白班。负责小区：山水华府、舜奥华府、东城逸家逸贤园、华皓英伦联邦、三盛国际、涵玉翠岭、兴旺家园、汉峪海风、瀚裕华园、凤凰国际、北湖小区、林景山庄、金域华府、三庆城市主人、三箭汇福山庄、天齐奥东花园、建大花园、恒大奥都新都、金域蓝
精装一室一厅以一厨一卫下楼就是万达临近省立医院和谐广场经七路,1室1厅1卫,整租,55O,南北,中层 / 18层,林祥南街7号院,市中经四万达 - 林祥南街7号,1500,无,"['电视', '空调', '热水器', '洗衣机', '冰箱', '床', '沙发', '衣柜', '暖气', '宽带', '可做饭', '阳台']",也许你刚毕业，离开宿舍告别室友，徘徊在人生的十字路口。也许你一个人在外打拼，背井离乡，不远万里落脚这座城市，或是土生土长的你，决定从现在开始，搬离旧时光，独立生活从此，愿租房这件小事，为你留下美好回忆…...2、水费电费都是正规居民用电用水费用标准；绝无乱收费现象；照片自己拍的；可靠真实！交通便利，短时间就可以步行到公交站牌；周边生活设施齐全，商场、超市、菜市场、银行、学校等应有尽有！交通便利、小区安全【更无任何/中/介/费/用】随时看房拎包入住！年龄超过40岁，孕妇、带小孩的、养宠物的，有不良嗜好的我一律不租，因为我这里的租
实力伴云居 居家自住 两室一厅 家具家电齐全,2室1厅1卫,整租,66O,北,高层 / 22层,实力伴云居,"槐荫经十西路 - 经十路,近腊山北路",1600,无,"['空调', '床', '沙发', '衣柜', '可做饭', '阳台']",小区介绍：环境舒适宜人封闭式花园小区小区内有超市，周边有明星菜市场和腊山农贸市场房源介绍：房屋家具家电设施齐全采光好，全明户型附近有81路109路78路96路202路等多路公交车出门交通便利，地铁口就在小区对面，小区内有地上地下停车位
新分龙泉新都 2室  全部新家具家电 月租1000,2室2厅1卫,整租,90O,南北,中层 / 11层,龙泉新都,长清文昌 - 龙泉街,1000,无,"['电视', '热水器', '洗衣机', '冰箱', '床', '沙发', '衣柜', '暖气', '宽带', '可做饭', '阳台']",1、楼南娱乐广场、人造湖、孔雀园、猴园；2、距离早市百米之遥；3、太阳能热水器，出入方便，环境好，紧靠石麟小学幼儿园。4、临近五峰路富群超市早市，购物方便哈5、紧邻中医院、长清中学、工商银行、中国银行等
洪苑小区出租 家具家电给配齐 卧室内壁纸和地格给配 拎包入住,2室1厅1卫,整租,75.36O,南北,高层 / 6层,洪苑小区,历城花园路历城段 - 花园路,1199,无,"['电视', '空调', '热水器', '洗衣机', '冰箱', '床', '沙发', '衣柜', '暖气', '可做饭', '阳台']",（格局）2室1厅1卫，采光好，视野无遮挡。【价格】租金1199元/月【装修】房子居家精装，保养全新【图片为本房图片】【看房】24随时。公交：75路、k93路、k55路、106路、165路（二环东路花园路站），brt4路、k93路、k55路、75路、106路、165路、70路、46路（鑫达小区站），brt4路、k905路、46路（花园路中段站）大学：山东大学、齐鲁工业大学、济南工会管理干部学院商场：环联小商品市场、历城商场、海蔚商城、淘宝街、银座商城、大润发医院：齐鲁中西医门诊部、山大医院老校门诊部、小区门诊邮局：历城区邮政局银行：中国农业发展银行济南历城支行、建设银行花园路中段分理处、工商银行，招商银行，邮政储蓄银行其他：h鸭源大酒店、金狮100超市化宾馆(二环东路)、环联大酒店、如家酒店小区内部配套：小区内有停车位、社区门诊、便利店、娱乐健身设施、小餐馆
0中介   华福国际 2室1900元月 电梯房 精装修,2室2厅1卫,整租,90O,南,低层 / 26层,华福国际,历城小清河 - 北园大街57号,1900,无,"['电视', '空调', '热水器', '洗衣机', '冰箱', '床', '沙发', '衣柜', '暖气', '宽带', '可做饭', '阳台']",q.房屋南北通透通风良好宽敞明亮布局大方采光非常好.精装修房屋干净卫生整洁房屋布置温馨舒适窗明几净家电家具齐全可拎包入住.成熟商圈闹中取静周边菜市场超市小吃街娱乐公园医院银行学校运动场所无论你是吃货夜猫子各种宅还是爱逛街运动达人都能满足.小区环境优美绿化率高窗外一片好风景好的环境带给您好的心情.交通便利公交地铁BRT直达上班不迟到下班不拥挤鸺.房屋基本配置有床衣柜电脑桌椅子沙发冰箱洗衣机热水器WIFI等c.多种支付方式年付季付月付皆可.有专业保洁定期打扫卫生，让您住的舒适j.随时看房，全年无休、房间配置：海尔冰箱、海尔洗衣机、美的热水器、双人大床、橱柜、餐桌餐椅、衣柜、电脑桌椅、厨房、厕所、宽带、木地板一应俱全。
可月付短租 洪家楼 万达 还乡店 地铁口 政法学院 拎包入住,1室1厅1卫,整租,50O,南,中层 / 30层,周庄新园,历城祝甸 - 西周南路12号,1350,距离地铁R3号线八涧堡站966米,"['电视', '空调', '热水器', '洗衣机', '冰箱', '床', '沙发', '衣柜', '暖气', '宽带', '可做饭', '阳台']","豪装，宜家家居，新房，交通便利，预存水电。无1房间标配：宜家风格家具（双人床、衣橱、电脑桌椅、空调）。2、家电标配：冰箱、全自动洗衣机、热水器.电视.3、免费维修家具家电。4、智能门卡,一户一卡，智能电表，支付宝充电.5、专属管家服务，有问题及时解决。6、房租付三可选，交房租无压力"
汉峪金谷附近 景苑小区 三室 空调房 1900,3室1厅1卫,整租,97O,南北,低层 / 11层,景苑小区,高新经十路高新段 - 经十路,1900,无,"['空调', '热水器', '床', '沙发', '衣柜', '暖气', '宽带', '可做饭', '阳台']",高新区武警总队单位宿舍设施齐全电梯房双气三线齐全精装床衣橱空调热水器油烟机炉灶等小区位于经十东路与水华路，汉峪金谷舜泰广场东，近齐全软件园、美莲广场、奥盛大厦、银河大厦、万达文旅城、银座汽车等高新区乘坐115116136直达水华路站下车即是实拍图片有钥匙随时看房随时入住
可月付 汉峪金谷 银座尚筑 重汽大厦 旅游路 舜泰广场 精装,1室0厅1卫,整租,45O,南北,中层 / 32层,中铁逸都国际,高新汉峪 - 旅游路15099号,1300,无,"['电视', '空调', '热水器', '洗衣机', '冰箱', '床', '沙发', '衣柜', '暖气', '宽带', '可做饭', '阳台']",可月付季付半年付（房屋租赁请选择正规的中介公司！所有中介公司的房源我们都有、为了让您在短时间内找到合适的房子、建议您找我们一家中介、避免电话过多看重复房源）我公司是一家只做酒店式公寓的租赁房产公司，因为专一，所以专业！！1.房间家具有：床，床头柜，衣柜，沙发，茶几，写字桌。电器有空调，洗衣机，热水器，冰箱，油烟机等。2.精装修家私家电齐全、拎包入住。3.楼层好、视野开阔、采光好、4.房东全新装修、诚心出租、房源性价比高、5.800--1500独立厨卫，不是合租房（房间朝向大小位置配套楼层都在影响价格）【小区配套】1、小区位置优越、空气质量好、2、小区有停
万科麓公馆 一居独卫 可短租1500  精装电梯房 无中介,1室1厅1卫,整租,32O,南,低层 / 32层,万科麓公馆,高新齐鲁软件园 - 舜风路,1500,无,"['电视', '空调', '热水器', '洗衣机', '冰箱', '床', '沙发', '衣柜', '暖气', '宽带', '可做饭', '阳台']",1.房间标配双人床，衣橱，书桌，热水器，空调洗衣机等，拎包即可入住，WIFI全覆盖，暖气，有厨房可做饭，2.交通方便，舜泰广场浪潮集团玉兰广场，步行上班无压力，每天睡到自然醒3.实名登记入住，安全放心。房屋精装修，要求有正当职业，无不良嗜好，不扰民，作息时间规律。商圈：汉峪金谷，舜泰广场，齐鲁软件园，奥体会展、丁豪广场、万达广场。高新区周围各个小区都有我的房源，任您挑选，欢迎来电咨询
长盛小区 2室1厅1卫 1500元月 60平 南北通透,2室1厅1卫,整租,60O,南北,中层 / 6层,长盛小区,历下老东门 - 东关大街38号,1500,无,"['电视', '空调', '热水器', '洗衣机', '冰箱', '床', '沙发', '衣柜', '暖气', '宽带', '可做饭', '阳台']",更多同类好房源.请点击右上角我的头像进入我的店铺查看.欢迎致电。房屋详情：2室1厅，卧室朝阳，南北通透。双气，精装房，大床，油烟机，燃气灶，空调，冰箱，电视，挂衣橱，写字台，餐桌，热水器等，拎包入住周边配套：紧挨大明湖，老东门，奥斯卡。附近学校，医院，银行，公园餐饮，娱乐设施齐全！
长运小区 临近实验小学 交通方便 两室 1200,2室2厅1卫,整租,96O,南北,高层 / 6层,长运小区,长清文昌 - 中川街151号,1200,无,"['热水器', '床', '沙发', '衣柜', '可做饭', '阳台']",太阳能热水器，出入方便，环境好，紧靠实验小学。临近五峰路富群超市，购物方便哈
绿地IFC中央公馆 三室两卫 可短租3500 精装电梯无中介,3室1厅2卫,整租,128O,南北,低层 / 16层,绿地IFC中央公馆,"历下康虹路 - 工业南路,近丁家庄南路",3500,距离地铁R3号线丁家庄站635米,"['电视', '空调', '热水器', '洗衣机', '冰箱', '床', '沙发', '衣柜', '暖气', '宽带', '可做饭', '阳台']",1.房间标配双人床，衣橱，书桌，热水器，空调洗衣机等，拎包即可入住，WIFI全覆盖，暖气，有厨房可做饭，2.交通方便，舜泰广场浪潮集团玉兰广场，步行上班无压力，每天睡到自然醒3.实名登记入住，安全放心。房屋精装修，要求有正当职业，无不良嗜好，不扰民，作息时间规律。商圈：汉峪金谷，舜泰广场，齐鲁软件园，奥体会展、丁豪广场、万达广场。高新区周围各个小区都有我的房源，任您挑选，欢迎来电咨询
可短租 历山路 东仓 花园小学 山大南路 老东门大明湖 长盛,2室1厅1卫,整租,60O,南,中层 / 6层,长盛小区,历下老东门 - 东关大街38号,1700,无,"['电视', '空调', '热水器', '洗衣机', '冰箱', '床', '沙发', '衣柜', '暖气', '宽带', '可做饭', '阳台']",房屋亮点配套齐全精装修房源描述1.【配套】房子精装修，安静温馨，全套家具家电齐全，拎包即住，可做饭，双网双气全新家具，干净卫生！2.【环境】小区周围超市，银行，菜市场，各种小吃餐馆，健身中心，娱乐场所等生活设施一应俱全，东临千佛山、金鸡岭，北邻植物园，西邻六里山。爬山锻炼绿化空气质量高。早餐5点晚餐凌晨2点吃饭非常方便，济南大型夜市2个，大超市3个满足您的各种生活需求！3.【交通】出门就是公交站牌，多路公交，济南各城区，火车站均有直达，解决您上下班的忧虑！4.【物业】小区环境优雅，绿化率高，干净卫生，居住温馨舒适，管理规范，治安为城区，安全有保障，是您的租房必选！欢迎致电，随时看房
精装大2室拎包即可住,2室2厅1卫,整租,98O,南,中层 / 11层,鲍新苑,历城工业北路 - 朝山街,1600,无,"['电视', '空调', '热水器', '洗衣机', '冰箱', '床', '沙发', '衣柜', '暖气', '宽带', '可做饭', '阳台']",1.小区配套设施齐全，环境优美，管理规范，，商店餐馆诊所应有尽有，生活方便，交通便捷。2.南北通透采光好，楼层适中，记住舒适！3.距离市立三院，华联超市，只有一公里的路程，正在修建地铁，高架桥入口附近，距离新东站只有3公里路程。4.家具家电齐全，宽敞的厨房让家人更可以展现厨艺，有车位地下室。5.停车方便，绿化率35%，让你体验花园一样的家。
甸柳游园 解放路 益寿路 二环东路 鼎峰中心对面 甸柳庄社区,2室1厅1卫,整租,75O,南北,低层 / 6层,甸柳庄社区,历城工业南路历城段 - 解放路1号,1499,无,"['电视', '空调', '热水器', '洗衣机', '冰箱', '床', '沙发', '衣柜', '暖气', '宽带', '可做饭', '阳台']",1.租金便宜：业主人很随和，很好说话，只要租户稳定，基本是没什么问题的；2.房屋介绍：房子户型正气，南朝向，采光跟通风都是没得挑，阳光很充足，原是业主自住的装修，带成套家具家电，可以拎包入住；3.随时看房：您只需提前跟我电话预约，即可免费带您去看房；户型：精装装修情况：户型正气，阳光超好，非常干净，空调、热水器、床、洗衣机、冰箱、电视，都有的。4具体的装修情况可看实拍照片温馨提醒：正规的中介机构均为免费看房，如签合同须签约本人同时出示与出租地址相符的房产证，交钱时应索取相应收据。5带客户看的每一套房子都是本人提前去看过的房子，对客户负责，用诚挚的服务，帮每一个客户找到自己满意的房子！不是你没有遇到合适的房子，而是没有遇到为你们全力以赴的房产经纪人，选择我――点击我的头像，进入我的店铺，更多房源已为你准备好。
诚基一室，采光足视野好温馨如家，山师东路和平路，家电齐拎包住,1室0厅1卫,整租,43O,南,高层 / 12层,诚基中心,历下和平路 - 和平路47号,1200,无,"['电视', '空调', '热水器', '洗衣机', '冰箱', '床', '沙发', '衣柜', '暖气', '宽带', '可做饭', '阳台']",附近标识：山师、山艺、千医、省中医、八院二、小区介绍：以精装小户型为主，电梯房，配套设施齐全，成熟商圈，文化底蕴深厚，入住多为年轻人，有朝气.三、公交直达：省杂技团18路48路75路110路123路K59路K94路；山师东路文化东路31路K93路；附近其他公交站点有山大路文化东路.和平路历山东路.文化东路西口.经十路山师东路。
花园小区(三区) 2室1厅1卫,2室1厅1卫,整租,65.00O,南,中层 / 6层,花园小区(三区),历城黄台南路 - 黄台南路,1500,无,"['电视', '空调', '热水器', '洗衣机', '冰箱', '床', '沙发', '衣柜', '暖气', '宽带', '可做饭', '阳台']",一、房源优势：1、全明格局，客厅宽敞大气；2、地段，楼层；2、家私家电齐全，提包入住；二、户型介绍：1、格局方正，使用率高达90。2、客厅宽敞舒适、落地阳台让充足的阳光不留余地的闯进来。3、厨房宽敞，让您和家人有足够的空间展现私家厨艺。4、连接客厅和厨房之间是您和家人享受美味的餐厅，让您热情的招待亲朋好友。
可月付 汉峪金谷 舜泰广场 奥体 软件园 重汽 软件园 美莲,1室0厅1卫,整租,45O,北,低层 / 11层,林景山庄公寓,历下经十路历下段 - 经十东路3366号,1299,无,"['电视', '空调', '热水器', '洗衣机', '冰箱', '床', '沙发', '衣柜', '暖气', '宽带', '可做饭', '阳台']",欢迎关注房产经纪人：侯泽彬只需说明您的需求和价位、我就可以给您匹配适合您的房源，轻松帮您找到您满意的房子房源分布：高新区、历城区、历下区房源价格区间：800/2400房源户型：大开间、一室一厅、两室一厅房源描述：床衣柜沙发电视冰箱洗衣机空调热水器宽带暖气可做饭阳台独立卫生间一.房源优势1.周围具备商场，超市，小学，医院，公交站，生活方便2.房间配置美嘉大床、双门衣柜、床头柜、精美桌椅、晾衣架3.房间里面配置冰箱、全自动洗衣机、热水器、无线网（家电齐全），独立厨卫。二.服务优势。1.房间都是实景拍摄，看房只需几！2.房租可以月付，季付，半年付，年付，
新房两室 全福立交核心 荣盛时代 路劲东城 华福国际山大二院,2室2厅1卫,整租,107O,南北,中层 / 29层,路劲东城,历城全福 - 二环东路239号,3300,无,"['电视', '空调', '热水器', '洗衣机', '冰箱', '床', '沙发', '衣柜', '暖气', '宽带', '可做饭', '阳台']",",验房实勘真实有效无中介fei1.房子干净整洁家具家电齐全可随时入住2.房主诚意出租3.周边配套齐全，应有尽有，满足一切生活需求。"
山钢锦绣华府 三孔桥 龙都 北园大街 精装大三室 拎包入住,3室2厅1卫,整租,100O,南,中层 / 33层,山钢锦绣华府,天桥三孔桥 - 三孔桥街57号,3500,无,"['电视', '空调', '热水器', '洗衣机', '冰箱', '床', '沙发', '衣柜', '暖气', '宽带', '可做饭', '阳台']","房源覆盖：历城区，天桥区，高新区，历下区！整租合租精装豪装房源多多欢迎质询＋↓1，随时电话联系看房2，标配宜家风格家具，WIFI,热水器，洗衣机，等等设施齐全3，提供上门维修服务4，定期保洁卫生间，公共区域客厅5，专属管家服务，安全保障6，精致小雅间，多样户型任您挑选7，上班族学生族，给你一个温馨舒适的家8，全部实拍图，无P图，精装修，适合追求精致小资生活的人士"
汉峪金谷舜泰广场近邻恒大奥东新都3室精装家具家电齐全价格实惠,3室2厅2卫,整租,127O,南,中层 / 32层,恒大奥东新都,高新经十路高新段 - 凤山路,2800,无,"['电视', '空调', '热水器', '洗衣机', '冰箱', '床', '沙发', '衣柜', '暖气', '宽带', '可做饭', '阳台']",1.小区位于经十路北凤山路西世纪大道南凤凰路东近邻汉峪金谷，舜泰广场，金域蓝山，万科金域华府，三庆城市主人，体育学院，齐鲁软件园，文化创意基地，高新万达广场，智远小学等地理位置较好。2.小区门口多路公交出门即站牌出行快速便捷。3.小区环境优美，绿化面积大，安全静谧。4.小区周边配套设施齐全，超市，药店，银行，幼儿园，小学等生活较便利。5.房间统一精装豪装，全自动洗衣机，冰箱，热水器等家电齐全，拎包即入住，家具家电可按照您的需求配置。6.万科物业居住舒适性高，安全性高。给您一个舒适的家。7.价格实惠，物有所值，业主诚意出租，看房随时！
汉峪海风 4室1厅2卫 3300元月 电梯房 123平,4室1厅2卫,整租,123O,南北,高层 / 26层,汉峪海风,"高新汉峪 - 旅游路,近港九路",3100,无,"['空调', '热水器', '洗衣机', '冰箱', '床', '衣柜', '暖气', '宽带', '可做饭', '阳台']",1、房源为精装大四室，双气开通；豪华装修，拎包入住！2、正规物业管理，24*安保，安全便捷，小区停车方便，带车位，租房个别房源赠送车位！3、紧邻汉峪金谷片区，兴旺家园，龙奥大厦，玉兰广场，汉峪金谷，舜华路路口，公交车直达，商圈齐全，附近交通便利！4、好房不等人，看房方便，看房从速，随时看！！！5、房源照片全部实拍，可现场拿照片对比房源，如有盗图，*，不做很好，只做更好！6、无中介，个人房源，在这个冰冷的城市，让我们温馨的家，来滋润您疲劳的躯体！7、电话同V8、房源可整租，需要合租朋友点击我的店铺，总有一个我们为您量身设计的爱的小屋在等您，冥冥之中，我就喜欢您【我们的第二个家】！如果这个房源不符合您的需求，您可以点击我的商铺，里面有许多l类型可供选择！
二环东路边 精装大三室 配套齐全 房子特干净 拎包入住,3室2厅2卫,整租,150O,南北,中层 / 7层,七里堡小区,历城七里堡 - 二环东路1728号,2400,无,"['电视', '空调', '热水器', '洗衣机', '冰箱', '床', '沙发', '衣柜', '暖气', '宽带', '可做饭', '阳台']","房源位置在七里堡社区南区，楼下有公园，有大型的菜市场，小区安静，出小区门口就有公交站，交通便利，民水，民电，始终致力于千家万户找到满意的住房,只要您需要我会随时出现在您的身边,为您服务.我相信通过我的努力与付出一定为您找到合适的好房子做房产我们是认真的."
花园小区(三区) 2室1厅1卫,2室1厅1卫,整租,50.00O,南,高层 / 6层,花园小区(三区),历城黄台南路 - 黄台南路,1800,无,"['电视', '空调', '热水器', '洗衣机', '冰箱', '床', '沙发', '衣柜', '暖气', '宽带', '可做饭', '阳台']",推荐理由：1.此小区户型：2室1厅1厨1卫1阳台，朝向：南，居住非常舒适，利用率超高！2.业主自己装修的，家具家电俱全！拎包入住。3.租价合理，非常超值，业主诚意出租，看房随时！
无中介f拎包入住洪家楼印象城山东大学彼岸新都海蔚广场家电齐全,1室1厅1卫,整租,50O,南,中层 / 20层,广厦聚隆广场(商住楼),历城洪家楼 - 洪家楼南路1号,2400,无,"['电视', '空调', '热水器', '洗衣机', '冰箱', '床', '沙发', '衣柜', '暖气', '宽带', '可做饭', '阳台']",九万间优选公寓：想必你看到了很多我的房源，依旧是我，只做租赁的小nie从业10年，做了10年的租赁。就在洪家楼，就做这5个小区。聚隆广场【目前主要做聚隆，你看到的价格低的基本都是虚假房源，聚隆现在市场价2300以上】，海蔚广场，福润康城，彼岸新都，爱特公寓。这10年没有卖过一套房子，专注租赁租房找我不忽悠，有就是有，没有不发虚假。有人说你们发布的都是虚假房源，对于只做高端租赁的我而言没有任何意义，我的房源本身质量就不错，没必要在用虚假房源掩盖。下面图片就是这样，一模一样，不做过多描述，好坏看得见，如果喜欢。直接电联，只要你能看到房子一定有，我基本不是看房子就是在看房子的路上，所以你发信息给我我不知道什么时间能够回复你，我不想失去来之不易的客户，所以直接联系我。给你想要的，给你需要的。不浪费双方时间
可短租！双气! 带车位邻汉峪金谷舜泰文旅城景和田园保利花园,2室1厅1卫,整租,81O,南,中层 / 24层,潘田馨苑,历城邢村立交桥 - 经十路,1500,无,"['热水器', '洗衣机', '冰箱', '床', '沙发', '衣柜', '暖气', '可做饭', '阳台']",附近商业有：万达广场、丁豪广场、美莲广场、汉峪金谷、舜泰广场、中铁汇苑、国际会展中心、三庆世纪财富中心、银座、汽车银座、万达文旅城、建筑大学、体育学院、省立医院东院、奥体中心、浪潮集团、雨滴广场、齐鲁软件园、力高国际、高新cbd、三盛、小鸭工业园、炼油厂、中央广场、玉兰广场、龙奥大厦、、海信创智谷、齐鲁文化创意基地、殷陈小学、济南高新区第二实验学校、济高实验学校、山师二附中、义和小学、唐冶、药谷、高新区管委会、高新区政务服务中心、天辰、博士伦、福瑞达、中国航天科技园、齐盛广场、科汇大厦、银荷大厦、铭盛大厦、龙翔商务大厦、宝威科技园、高新区奥体中路学校、轻骑集团、电子机械工程学校、中国铁建国际城、山东省胸科医院东院区。主做小区：丁豪广场、鲍山花园、万达华府、万达广场、东都国际、钢城新苑、济钢新村、金域华府、景苑小区、茗筑美嘉、牛旺小区、盛福家园、盛福花园、八涧堡小区、邓家花园、姜家花园、贤文花园、贤文世家、祥泰新河湾、殷陈小区、徐家庄（新徐印象）、中建新悦城、中新锦绣天地、中新国际城、金河山庄、凤凰国际、鲁邦奥林逸城、南湖花苑、北胡灏苑、田园山庄、东盛花园、东篱花园、石化园小区、万科幸福里、殷陈早市、保利花园、建大花园、尚东1956、中建凤栖第、恒生伴山、三庆城市主人、银盛泰金域蓝山、天齐奥东花园、龙湖春江郦城、河泰优山美郡、中建新悦城、星瀚城、铁厂宿舍（济钢第三工业南宿舍）、涵源新居、汉峪新苑、小瀚裕、兴旺家园、华皓英伦联邦、绿城玉兰花园、全运村、西蒋峪、锦屏家园、三盛国际公园、东鲁凤凰上郡、中铁逸都、舜奥华府、景和山庄、景苑小区、潇景苑小区、三箭汇福山庄、草山岭小区、联合财富广场、万科城、万科麓城、张马屯（东方丽苑）、盛景家园、绿城百合、明湖白鹭郡、水晶东座、未来城、牛旺庄小区、鑫苑国际城市花园、理想嘉园、汇展香格里拉、新生活家园、中垠雅苑、山钢新天地、丁家庄小区、华达宿舍、华达华苑、力高国际、中铁汇苑、新东方花园、万科新里程、中海天悦府、汉峪海风、。山水华府、明福花园、盛福苑、海信慧园、康桥颐东、雪山合苑、锦屏家园、林景山庄、田园警苑。交通干线：工业南路、经十路、花园东路、奥体中路、奥体西路、奥体东路、奥体北路、旅游路、凤凰路、舜华路、舜风路、天辰路、康虹路、铁骑路、世纪大道、凤园路、龙鼎大道、会展路、新泺大街、天泺路、浪潮路、伯乐路、舜泰北路、凤鸣路、凤岐路、工业北路、飞跃大道、颖秀路、沁园路、舜旺路、会展东路、会展西路、金达路、华茂路、龙奥北路、龙奥南路、凤新路、华盛路、百合东路、老石沟路、龙驰路、重德路、礼耕路、齐川路、正丰路、轻风路、中林路、八涧堡东路、八涧堡路、炼化路、凤山路。在喧闹的城市里，给您一个温馨安静的家。是我们一直以来的追求与宗旨。附近商业有：万达广场、丁豪广场、美莲广场、汉峪金谷、舜泰广场、中铁汇苑、国际会展中心、三庆世纪财富中心、银座、汽车银座、万达文旅城、建筑大学、体育学院、省立医院东院、奥体中心、浪潮集团、雨滴广场、齐鲁软件园、力高国际、高新cbd、三盛、小鸭工业园、炼油厂、中央广场、玉兰广场、龙奥大厦、海信创智谷、齐鲁文化创意基地、殷陈小学、济南高新区第二实验学校、济高实验学校、山师二附中、义和小学、唐冶、药谷、高新区管委会、高新区政务服务中心、天辰、博士伦、福瑞达、中国航天科技园、齐盛广场、科汇大厦、银荷大厦、铭盛大厦、龙翔商务大厦、宝威科技园、高新区奥体中路学校、轻骑集团、电子机械工程学校、中国铁建国际城
豪华装修一室一厅，临华强省医山师山艺泉城广场芙蓉街，拎包入住,1室1厅1卫,整租,43O,南,高层 / 12层,诚基中心,历下和平路 - 和平路47号,1200,无,"['电视', '空调', '热水器', '洗衣机', '冰箱', '床', '沙发', '衣柜', '暖气', '宽带', '可做饭', '阳台']",附近标识：山师、山艺、千医、省中医、八院二、小区介绍：以精装小户型为主，电梯房，配套设施齐全，成熟商圈，文化底蕴深厚，入住多为年轻人，有朝气.三、公交直达：省杂技团18路48路75路110路123路K59路K94路；山师东路文化东路31路K93路；附近其他公交站点有山大路文化东路.和平路历山东路.文化东路西口.经十路山师东路。
洪家楼印象城 花园小区精装两室一厅仅租2000 拎包入住可看,2室1厅1卫,整租,65.40O,南,高层 / 6层,花园小区(三区),历城黄台南路 - 黄台南路,2000,无,"['电视', '空调', '热水器', '洗衣机', '冰箱', '床', '沙发', '衣柜', '暖气', '宽带', '可做饭', '阳台']",急租位置；洪家楼花园路山大路户型；南北通透，客厅主卧朝阳，采光好，家具家电齐全，拎包入住。交通；靠近花园路山大路洪楼附近，公交出行方便。购物；靠近洪家楼银座印象城大润发，购物非常方便，七里堡菜市场很近。
保真无中介 可短租可月付拎包入住 紧邻和谐广场西市场省立医院,2室2厅1卫,整租,90O,南,中层 / 6层,东方新天地花园,槐荫西市场 - 经四纬十二路,2500,无,"['电视', '空调', '热水器', '洗衣机', '冰箱', '床', '沙发', '衣柜', '暖气', '宽带', '可做饭', '阳台']",1.房子保持很好，收拾的也很干净，直接拎包入住。2.户型方正，卫生间空间较大。3.餐客比例协调，有意者请与我联系。4.为您安家尽心竭力，是我的荣幸，很高兴为您服务小区优势：1.小区环境优雅舒适，宁静怡人2.小区配套设施齐全，交通便捷我能做的事1.通过了解您的租房意向，帮您精心挑选房源，并仔细核实每一个房源条件2带您看房，直到您满意为止3.快速高效为您物业交割（水、电、供暖等一系列物业问题）4.以真诚的态度，周到的服务，到位的维护，为您安家保驾护航我所发的每一套房源都是真实存在的，在小区都可以找到。希望您找到合适的房子。而不是将就！
龙湖冠寓 精装套一押一付一 家具齐全 拎包入住 无中介短租,1室0厅1卫,整租,32O,南,高层 / 18层,鑫苑名家,天桥历山北路 - 水屯北路5号,1550,无,"['电视', '空调', '热水器', '洗衣机', '床', '沙发', '衣柜', '暖气', '宽带', '可做饭', '阳台']",租冠寓可享济南市政府专属人才补贴！冠寓是龙湖集团推出的长租公寓品牌，致力于营造一个舒适、安全、便捷、社群、时尚的空间。打造一个以长租公寓为核心，生活服务多功能在内的多元化社区。1.房屋配套：一室一卫，20-35平，含洗衣机冰箱鞋柜空调WIFI，知名家具家电配套齐全。2.超炫公区：免费使用健身房、台球厅、影音室、会客室、公共厨房餐厅，满足多种生活需求，营造健康积极的社交场所。3.多彩社群：每月至少2次社群活动，蹦床、K歌、爬山、轰趴、狼人杀谁是卧底剧本杀、龙虾宴、音乐节、真人CS、聚餐等等，活动不断，更亲密的邻里关系，更自在的志同道合，95后运营官带你体验精彩生活。4.服务：95后年轻运营官、保安、保洁、维修齐全，24H无缝隙守护租户生活。5.交通、车位：门店位于北园街道小清河北路，公交便利，楼下就有停车场，停车方便。6.安全可靠：龙湖集团全国36所城市直营，品牌保障，冠寓有店长、运营官、龙湖物业24h无缝隙守护您的安全，且冠寓出入需要梯控、指纹识别、房间有智能密码锁、公共区域有摄像头监控，多维度保障您的的安全，让我们的每一位租户在冠寓都住的安心。7.周边配套：公寓自带自动售卖机、小电充电宝、农夫山泉、充电桩、公共洗衣机等，日常生活便捷。1公里内超市，银行等生活配套齐全8.智慧生活智能APP三重智能管理，安心舒心。自主研发“冠寓”APP，轻松实现掌上生活缴费（水电）、线上看房、智能门锁密码管理、故障报销、租约管理等智能化服务。
2台新装空调 免费WIFI 拎包入住 出行方便 独立阳台,1室1厅1卫,整租,63.85O,南北,低层 / 15层,阳光100国际新城T区,槐荫阳光100 - 建新路,1600,无,"['电视', '空调', '热水器', '洗衣机', '冰箱', '床', '沙发', '衣柜', '暖气', '宽带', '可做饭']",【房屋位置】此房位于阳光新路中段，.好路段两室两厅生活方便拎包入住诚心租价格可谈。【户型结构】客厅卧室朝阳户型，更好的采光和观景！布局合理，独享静谧生活！尽显舒适！【产权明晰】本房源为业主一手房源，产权清晰，无抵押无查封，房东着急出租，希望找爱家爱干净的人入住，诚心租房。【配套设施】精装环保房家具家电拎包入住社区处于商业中心区吃喝娱乐一体，更有大型阳光美乐汇，满足您的生活需求。交通便利，出门车站。绿化率高，居民素质、高。附近有配套幼儿园及，医疗设施完善。
温馨一室小户型 双气 东西齐全 设施干净 看房方便,1室1厅1卫,整租,30O,北,低层 / 22层,实力伴云居,"槐荫经十西路 - 经十路,近腊山北路",1250,无,"['空调', '热水器', '洗衣机', '冰箱', '床', '衣柜', '可做饭', '阳台']",小区介绍：环境舒适宜人封闭式花园小区小区内有超市，周边有明星菜市场和腊山农贸市场房源介绍：房屋家具家电设施齐全采光好，全明户型附近有81路109路78路96路202路等多路公交车出门交通便利，地铁口就在小区对面，小区内有地上地下停车位
无中介丁家嵘汇花园cbd旁地铁q号线交通方便配套齐全近高新万,2室2厅1卫,整租,108O,南北,中层 / 26层,丁家嵘汇花园,历下解放东路 - 奥体西路,2900,距离地铁R3号线丁家庄站487米,"['电视', '空调', '热水器', '洗衣机', '冰箱', '床', '沙发', '衣柜', '暖气', '宽带', '可做饭', '阳台']",没有中介：一对一房屋管家，保障服务，我们坚持无中介，随时免费带你看房家电齐全：全新家具，品牌家电，冰箱，空调，洗衣机等应有尽有，洗澡做饭都很方便品质装修：知名计师匠心打造时尚北欧风、现代简约风，美式田困风等多种风格公寓入住保洁：入住前深度保洁，做到拎包就能入住免费维修：家具家电及时上门维修，随时可预约转租不违约：中途退租可以自行转租，减少违约损失交通便利：地铁、公交公共交通便捷无忧…随便去哪儿周边设施：周边各大商超、美食环绕其中，生活设施便利，吃喝玩乐，应有尽有
淮海东城御景 精装 环境舒适 有钥匙 随时看房,3室1厅1卫,整租,100.41O,南,低层 / 27层,淮海东城御景,高新国际会展中心 - 奥体西路,2600,距离地铁R3号线八涧堡站776米,['阳台'],1.朝阳，精装修.2.自家房屋诚心出租.3.格局方正，使用率超赞.
燕山立交 衣帽间 可做饭冰箱 空间宽敞 交通便利 万象城！,1室0厅1卫,整租,36O,东,低层 / 20层,卓越时代广场,历下浆水泉路 - 浆水泉路16号,1450,无,"['空调', '热水器', '洗衣机', '床', '衣柜', '暖气', '宽带', '可做饭']",押一付一配套齐全精装修房源描述告别脏乱的老房子，为你在济南找到一个家一、中合公寓优势介绍1、专业的公寓管理人员，无-中-介-费，支持月付、季付。2、新房，实拍图，精装修，真正体现拎包入住；追求精致小资生活的人群。3、中合公寓的标准配置：全新家具家电：双人床，衣柜，电脑桌，空调，洗衣机，热水器；主卧次卧，根据个人需求来选择。4、安全温馨--每周两次保洁；专业的后勤团队；保安24*巡逻，凭门禁卡出入小区。5、都有钥匙随时看房，省时省力。二、房屋介绍此房位于燕山银座旁边燕山立交桥附近，交通便利，周边有1853BRT55049等多路公交车经过；距离燕山立交桥，艾玛妇科二环东路燕山银座都很近；出行便利，周边配套齐全。三、我们的房源有很多，价位有所不同，您只需打进电话说出您的需求，我会尽快给您匹配房源，带您看的不只是这一间，打造您的专属私人空间，先到先得！四、租客要求1.作息规律、入住即静2.爱惜房屋及附属设施3.按时缴纳租金本公司拥有专业的公寓管家团队，欢迎各位业主委托出租房源、空置房产，专业“房屋托管”让您放心、省心、安心。中合公寓--竭诚为您服务！
诚基一室一厅，山师山艺华强省医，泉城广场芙蓉街，家电齐拎包住,1室1厅1卫,整租,32O,南,高层 / 12层,诚基中心,历下和平路 - 和平路47号,1200,无,"['电视', '空调', '热水器', '洗衣机', '冰箱', '床', '沙发', '衣柜', '暖气', '宽带', '可做饭', '阳台']",附近标识：山师、山艺、千医、省中医、八院二、小区介绍：以精装小户型为主，电梯房，配套设施齐全，成熟商圈，文化底蕴深厚，入住多为年轻人，有朝气.三、公交直达：省杂技团18路48路75路110路123路K59路K94路；山师东路文化东路31路K93路；附近其他公交站点有山大路文化东路.和平路历山东路.文化东路西口.经十路山师东路。
工业南路 枫润大厦 精装一室 53平 1900元 拎包入住,1室1厅1卫,整租,53O,南北,中层 / 23层,东城摩尔,历下姚家 - 工业南路,1900,无,"['热水器', '洗衣机', '冰箱', '沙发', '宽带', '可做饭']",房源优势：1、东城摩尔1900/月出租2、挑高客厅宽敞大气3、全配。二、户型介绍：户型：1室1厅1卫，朝向：南北，格局方正，使用率超赞。三、社区介绍：环境优美，适宜居住，人文素质高，物业管理完善。1、房屋年代：年社区环境好。2、小区是集中供暖的。3、小区的容积率非常小，属于低密度社区，非常适宜居住。4、小区的绿化率高，让您感受花园一样的家。四、交通介绍：五、个人介绍：本房源是*的房源，发布及时，欢迎*并实地看房！
O中介  凯旋公馆两室一厅  值得你选择  随时看房,2室2厅1卫,整租,91O,南,中层 / 22层,凯旋公馆,历城化纤厂路 - 化纤厂路,1800,距离地铁R3号线花园东路站1304米,"['电视', '空调', '热水器', '洗衣机', '冰箱', '床', '沙发', '衣柜', '暖气', '宽带', '可做饭', '阳台']",提高住房舒适度，从开始。。真诚服务，始终如一！您的满意是我们不懈的追求！房屋亮点配套齐全精装修房源描述户型介绍：房子格局方正，整洁干净，正规两居，户型整体为南北朝向，该户型受风向影响一年四季通风效果，主卧朝南，采光好，全天享受阳光滋养。房屋配置：空调二部，冰箱、洗衣机一台，两张双人床，沙发一组，茶几一个，衣柜电脑桌齐全，房子装修非常的好，干净整洁，温馨舒适，照片为实景照片，真实有效。交通配套：交通很便利，有多条路段的公交车，周边配套齐全-银行-医院-公园等，走路均可到达。日常吃喝玩乐很便利，满足每一位伙伴需求。
老宋出租自家公寓，空调暖气，免费网线维修电梯物业费,1室0厅1卫,整租,25O,南,低层 / 28层,未来城(商住楼),高新国际会展中心 - 工业南路55号,1100,无,"['电视', '空调', '热水器', '洗衣机', '床', '衣柜', '暖气', '宽带', '可做饭']",拎包入住：双人床、大衣柜、席梦思双人床、电脑桌、电视柜、窗帘、餐桌、凳子、热水器、门卫、卫生间、空调。电梯费、物业费、网线费全免，居住期间免费提供维修服务！不能做饭，可热水沐浴，有暖气和空调。照片实拍，自己房子，没中介！有兴趣，直接电话联系老宋，提前约时间看房子。具体地址直接搜小区名字就能找到。小区所处位置方便，就在高新万达广场附近，临近小鸭集团等。图片中空间较大的房间为1200的，有兴趣一样电联。
房子高档家具，户型好。南北通透，拎包入住，交通方便,3室2厅1卫,整租,123O,南北,高层 / 28层,长兴美郡,"长清文昌 - 龙泉街,近凤凰路",3000,无,"['空调', '热水器', '床', '沙发', '衣柜', '暖气', '可做饭', '阳台']",交通方便，家具齐全，拎包入住，配套齐全。停车方便
维尔康宿舍出租 精装修 附近维尔康肉类水产市场 随时看房,2室1厅1卫,整租,76.31O,南北,中层 / 6层,维尔康宿舍,"历城历城周边 - 工业北路263,268号",1399,无,"['电视', '空调', '热水器', '洗衣机', '冰箱', '床', '沙发', '衣柜', '暖气', '可做饭', '阳台']",【格局】2室1厅1卫，采光好，视野无遮挡。【价格】租金1399元/月【装修】房子居家精装，保养全新【图片为本房图片】【看房】24随时。交通：8，71，46，106，k92，k93，k55，k57路公交车大学：工会管理干部学院、济南轻工学院、济南金融学院商场：华联超市、黄台菜市场医院：山大二院、社区门诊、济钢医院邮局：中国邮政全福网点银行：工商银行、农业银行、建设银行、齐鲁银行其他：兴泉大酒店、维尔康食品公司
武警单位宿舍 三室 低楼层 空调房 2000,3室1厅1卫,整租,97O,南北,低层 / 11层,景苑小区,高新经十路高新段 - 经十路,2000,无,"['空调', '热水器', '洗衣机', '床', '沙发', '衣柜', '暖气', '宽带', '可做饭', '阳台']",高新区武警总队单位宿舍设施齐全电梯房双气三线齐全精装床衣橱电脑桌沙发茶几空调洗衣机热水器油烟机炉灶等小区位于经十东路与水华路，汉峪金谷舜泰广场东，近齐全软件园、美莲广场、奥盛大厦、银河大厦、万达文旅城、银座汽车等高新区乘坐115116136直达水华路站下车即是实拍图片有钥匙随时看房随时入住
诚基新出一室一厅 独立厨卫 温馨舒适 房主人好 年底特价速来,1室1厅1卫,整租,50O,南,中层 / 12层,诚基中心,历下和平路 - 和平路47号,1199,无,"['电视', '空调', '热水器', '洗衣机', '冰箱', '床', '沙发', '衣柜', '暖气', '宽带', '可做饭', '阳台']",--------在诚基我选鲁诚不动产--------我所发房源信息都【真实有效】房屋照片均为本人亲自拍摄！高效为您服务。小区配置：1.诚基中心所有房源均为双气房，落地大飘窗！视野采光*棒！2.2010年新房电梯房，成熟社区院内购物方便！水电费也是全市统一价格。3.本店*诚基中心，居住，办公房，*房，押一付一房各种价位均有！随时看房！免费看房！我们只专注做诚基中心租赁业务，并且拥有院内多房源及经纪人，我们是诚基租赁交易平台，因为专一所以专业！别家中介有的房子我都有，我家有的房子他们没有！我*不吃差价透明交易，给您专业的服务！区位优势：1.济南真正市中心位置，坐拥和平路山师东路两条市区主干道！这里就是城市中心位置优越。山师购物街旁闹中取静，步行*即可到达济南泉城广场、趵突泉、泉城路等景点；2.出行交通便利门口站牌有102、K93、49、80、K96、2、151各路公交车均有站牌！家门口就是大型购物超市家乐福、大润发！辐射区域】历下区、历城区、天桥区、槐荫区、市中区、高新区。【辐射路段】山大路、花园路、泺源大街、大明湖、明湖东路、和平路、燕子山路、解放路、泉城路、文化东路、文化西路、千佛山、经十路、历山路、山大南路、山大北路、华龙路、七里河路、华信路、华能路、二环东路、燕山立交桥、工业南路、浆水泉路、解放东路、洪楼南路、闵子骞路、窑头路、姚家路、解放路、山师东路、青年东路、经三路、经四路、经七路、经十一路、经八路、洪楼西路、黄台南路、历山北路、北园大街、趵突泉南路、棋盘街、佛山街、泺文路、玉函路、洪山路等。【辐射小区】窑头小区、棋盘小区、佛山苑、姚家小区、葡萄园小区、国华经典、燕子山小区、金色港湾、路劲东城、将军花园、桑园小区、文博家园、三箭平安苑、友谊苑小区、七里河小区、历苑小区、花园小区、永大百花园、花园庄小区、甸柳庄社区、甸柳新村、舜山园小区、解放路41号、政府宿舍、山东省武术院宿舍、现代逸城、现代逸城水泥厂宿舍、恒泉花园、文东裕华园、燕东山庄、洪山景苑、静居苑、高速花园、师东小区、银座花园、枫润山居、玫瑰花园、中建馨园、海信都市阳光、环东新苑、东莱花园、依山居、山久水园、假日丽景花园、燕舞园、长盛小区、东仓小区、明湖小区、湖畔苑、湖滨苑、刘家桥小区、清河小区、燕柳园、洪山景苑、名士豪庭、雁翔苑、中润世纪城、茂岭花苑、百花小区、国熙台、诚基中心、和平新村、恒大帝景、历东花园、青后小区、绿景嘉园、绿景尚品、现代华庭、利农花园、鸿苑雅仕苑、数码港、达盛鑫苑、神光花园、群康家园、恒泰花园、宏泰小区、历园新村、康和东苑、康和西苑、建元小区、柳行小区、海晏门、石桥小区、一建宿舍、历山吉第、东兴寓城、七里堡小区、鑫达小区、南全福小区、时代新城、北全福小区、明湖天地、三箭吉祥苑、三庆汇文轩、燕柳园、留园小区、千禧家园、洪楼小区、舜和园、舜玉小区、正觉寺、和平花园、佛山静院、融基书香苑、紫香园、融基竹园馨居、益寿家园、鑫苑名家、开元山庄、富翔天地、保利大名湖、新馨家园、科苑小区、逸东花园、新龙家园、新生活家园、盛福花园、辛甸花园、燕庆园、枫景园、腾骐冠宸、东兴花园、汇科旺园、东园山庄等
景苑小区 三室 家具齐全 随时入住,3室1厅1卫,整租,97O,南北,高层 / 12层,景苑小区,高新经十路高新段 - 经十路,1900,无,"['热水器', '洗衣机', '冰箱', '床', '沙发', '衣柜', '暖气', '宽带', '可做饭', '阳台']",高新区武警总队单位宿舍设施齐全电梯房双气三线齐全精装床衣橱电脑桌沙发茶几洗衣机热水器油烟机炉灶等小区位于经十东路与水华路，汉峪金谷舜泰广场东，近齐全软件园、美莲广场、奥盛大厦、银河大厦、万达文旅城、银座汽车等高新区乘坐115116136直达水华路站下车即是实拍图片有钥匙随时看房随时入住
三庆新馨家园出租精装修 附近莱钢凯旋公馆 御化嘉苑拎包入住,2室1厅1卫,整租,83.54O,南北,高层 / 6层,三庆新馨家园,历下康虹路 - 化纤厂路6号,1899,距离地铁R3号线花园东路站1677米,"['电视', '空调', '热水器', '洗衣机', '冰箱', '床', '沙发', '衣柜', '暖气', '可做饭', '阳台']",【格局】2室1厅1卫，采光好，视野无遮挡。【价格】租金1899元/月【装修】房子居家精装，保养全新【图片为本房图片】【看房】24随时。公交：37路、k95路线(华能路化纤厂路站)大学：山东大学山东商业职业学院商场：万隆超市、银座购物广场华信店医院：历下区人民医院、齐鲁花园医院，第三人民医院，欧亚男科医院邮局：中国邮政华龙分所银行：建设银行、工商银行、农业银行，农村信用社齐鲁银行其他：城市之光商务酒店、华诚大酒店煌庭一号娱乐会所、华信银座、小区内部配套：小区北部有双语幼儿园、大型活动会所
可月付 建筑大学 体育大学 汉峪金谷 舜泰广场 雪山路 精装,1室0厅1卫,整租,40O,南,中层 / 33层,建大花园,历城建筑大学 - 凤歧路2888号,1200,无,"['电视', '空调', '热水器', '洗衣机', '冰箱', '床', '沙发', '衣柜', '暖气', '宽带', '可做饭', '阳台']",质房源出租:独立厨卫房源出租区域：高新区、历下区、历城区、唐冶区出租房源描述：独立厨卫一居，家具家电齐全，拎包入住，交通便利，生活设施齐全，住户长租包管理、维修，小区出行方便。价位：性价比颇高，良心价位800-1500，都是独卫。合租房源：600-800，两户合租，卫生干净。环境优美，不良客户不要，只租正常上班年轻人，上班点正常且白班。负责小区：山水华府、舜奥华府、东城逸家逸贤园、华皓英伦联邦、三盛国际、涵玉翠岭、兴旺家园、汉峪海风、瀚裕华园、凤凰国际、北湖小区、林景山庄、金域华府、三庆城市主人、三箭汇福山庄、天齐奥东花园、建大花园、恒大奥都新都、金域蓝
新出~锦绣泉城~精装两居~南北通透~家具家电齐全~领包住,2室2厅1卫,整租,98O,南,低层 / 20层,锦绣泉城,历城华龙路 - 华龙路999号,1850,无,"['电视', '空调', '热水器', '洗衣机', '冰箱', '床', '沙发', '衣柜', '暖气', '宽带', '可做饭', '阳台']",1.这个小区物业正规，24*物业，安全的很2、咱们小区周边有很多济南小吃，满足吃货的要求，之前我经常在这吃3、自家房子，价格低廉、房子照片都是我自己亲自拍摄的，随时看房，正规卧室，4、物品损坏24*内免费上门维修、我们有自己的维修师傅5、服每星期定期检查卫生，排除电路水路等安全隐患6、房间干净整洁、每天都会打扫卫生、希望租客能吧那当成自己的家、维护机自觉打扫卫生、7、租赁期间如有各项问题，我们客服为您排解困难协调调解温馨提示养宠物的、没有正当职业的、不爱干净的、大吵大闹的，为了营造干净、和谐、安全的居住环境，以上租客不租谢谢合作、
汉峪金谷重汽旅游路瀚裕华园正规两室家具家电齐全随时看房,2室2厅1卫,整租,96O,南,中层 / 29层,瀚裕华园,高新汉峪 - 旅游路,2000,无,"['电视', '空调', '热水器', '洗衣机', '冰箱', '床', '沙发', '衣柜', '暖气', '宽带', '可做饭', '阳台']",房源描述：（1）交通地段枢纽近公交站点（2）全明户型采光极好生活方便（3）配置齐全家电家具全新（4）装修保养好房型设计布局合理适宜居家（5）物业管理好环境优雅绿-化-率-高
草山岭 奥体中心 金域中心 万科中心  舜泰广场 精装两室,2室1厅1卫,整租,86O,南,中层 / 25层,草山岭东区,高新汉峪 - 经十路,2500,无,"['电视', '空调', '热水器', '洗衣机', '冰箱', '床', '沙发', '衣柜', '暖气', '宽带', '可做饭', '阳台']",也许你刚毕业，离开宿舍告别室友，徘徊在人生的十字路口。也许你一个人在外打拼，离乡背井，不远万里落脚这座城市，或是土生土长的你，决定从现在开始，搬离旧时光，独立生活从此，愿租房这件小事，为你留下美好回忆….....房源优势：1.精致装修一客一锁可做饭2.不像*房居住人多且杂，合租四间多，品牌只为专属的你。3.小区*，出门公交，闹中取静，成熟商圈，周边菜市场，超市，小吃街，无论你是购物狂，吃货，夜猫子，技术宅都能满足。4.租客*，三有不租，养宠物者不租，带老人者不租，无正当职业者不租，带小孩者不租，让合租的你住的更有品质。5.公司自己的房子，不是骗人，真的不收*。6.服务周到，带你看遍济南商圈所有*，相信我，成就你。7.无线宽带、衣柜、大床、电脑桌、晾衣架、空调、24*热水器、暖气、冰箱、洗衣机、全套厨房可做饭.
鑫苑名家，位置好，环境优美，价格合适，家具家电齐全，拎包入住,1室1厅1卫,整租,60O,南北,中层 / 33层,鑫苑名家,天桥历山北路 - 水屯北路5号,1800,无,"['电视', '空调', '热水器', '洗衣机', '冰箱', '床', '沙发', '衣柜', '暖气', '宽带', '可做饭', '阳台']",1.小区北面是小清河，步行100米到五柳闸公园，有世纪华联超市建设银行中国银行农业银行工商银行齐鲁银行北京银行工商银行等。北边是黄台茶叶市场，黄台家具，黄台电子产业园，北园有银座・华联・居然之家・红星美凯龙，山大二院，欧亚达家具等。2.鑫苑名家是鑫苑地产开发的大型商品房社区，小区分为5个区，分别是听涛苑，龙跃苑源泉苑，观澜苑和梦溪苑；分为洋房和高层高层，内部环境优美，物业管理规范，小区封闭式管理，门口有24有保安值班，都是电梯房，物业也是鑫苑物业，物业管理很好3.有31路，36路，69路，79路，84路公交车站，东边是历山北路，南边是北园高架，西边是顺河高架
联四路 臧家屯小区 2室1厅 1楼带院开后门 2台空调冰箱,2室1厅1卫,整租,76O,南北,低层 / 6层,臧家屯小区,天桥北园 - 联四路,1200,无,"['电视', '空调', '热水器', '洗衣机', '冰箱', '床', '沙发', '衣柜', '暖气', '宽带', '可做饭', '阳台']",凤凰山路省建房产刘恩振为您介绍此房：1.位置：北园联四路北段臧家屯小区2.交通：30路、66路、501路车途经小区，交通便利；可到达缤纷五洲、凤凰广场、泺口服装城、汽车站、中恒商城、洪家楼、泉城广场3.周围配套：商贸一条街：菜市场、超市、各类商店，生活购物方便；学校：国棉一幼儿园、锦苑小学、初中；联四小学、等等；4.房屋介绍：两室一厅，卧室朝阳；家具家电齐全；大院传达，停车方便，拎包入住。房主诚意出租。省建房地产公司大量随时免费看房欢迎来电咨询如了解更多房源请拨打下方我的电话或点击此页面右上角我的头像进入我的店铺
全新家具家电  精装电梯空调 拎包入住 长途客运站旁,1室1厅1卫,整租,35O,南,高层 / 24层,影山邻里中心,"天桥无影山 - 无影山西路,近无影山中路",1300,无,"['电视', '空调', '热水器', '洗衣机', '冰箱', '床', '沙发', '衣柜', '暖气', '宽带', '可做饭', '阳台']",【户型】南向，一室一厅，采光充足，经典户型，布局合理，超值的利用率！【配套】配套齐全，生活方便，居住起来温馨舒适！【产权】房主出租，可放心居住！如果这套房不是您的理想房源，更多请点击“我的网络店铺”或“直接咨询”。
万达旁 精装两室2400  配套齐全 环境舒适 领包入住,2室2厅1卫,整租,98.00O,南北,中层 / 32层,万达华府,高新国际会展中心 - 工业南路,2400,无,"['电视', '空调', '热水器', '洗衣机', '冰箱', '沙发', '衣柜', '暖气', '宽带', '可做饭']",1房子干净卫生卫生，住得舒心，省心2.小区，出门公交，闹中取静，成熟商圈，周边菜市场，超市，小吃街，无论你是购物狂，吃货，夜猫子，技术宅都能满足。3.服务周到，带你看遍济南高新区商圈所有房源，相信我，成就你。4.衣柜、大床、电脑桌、晾衣架、空调、24热水器、暖气、冰箱、洗衣机房间特点：1所有客房标配宜家风格家具2配套优势宽带、有线已开通，3周边公交、商场、超市、医院、等一应俱全4物业管理正规小区，24保安，居住安全省心欢迎爱干净、爱惜房子人士，随时看房本公司有多套房源，整租合租均有。
全福荣盛广场 大润发 红星美凯龙附近一室公寓出租拎包入住,1室1厅1卫,整租,55O,南,中层 / 30层,荣盛时代国际,历城全福 - 北园大街,1800,无,"['电视', '空调', '热水器', '洗衣机', '冰箱', '床', '沙发', '衣柜', '暖气', '宽带', '可做饭', '阳台']",附近交通方便紧邻全福立交北园高架出行方便房子干净整洁出租住新房体验美好生活！屋内家具家电齐全拎包入住！附近商圈荣盛时代路劲东城印象城全福立交华福国际华福维嘉济南第一张中学东兴寓城山东济钢中学电力建设第一工程公司名辉豪庭明福苑石桥小区丰汇小区鑫苑名家林业大厦齐鲁师范学院历下校区长盛小区南全福北全福大润发洪楼广场金桥国际富翔天地保利海德公馆辛甸花园黄台大酒店奥斯卡酒吧金色港湾华联超市银座奥特莱斯大明湖华山风景区图书馆山东大学第二医院山东大学中心校区济南长途汽车东站！
长清湖公寓 1室一厅 家具齐全 双气 1200,1室1厅1卫,整租,42O,南北,低层 / 17层,中建长清湖,"长清长清湖 - 芙蓉路,近海棠路",1200,距离地铁R1号线创新谷站993米,"['空调', '热水器', '洗衣机', '床', '沙发', '衣柜', '暖气', '可做饭', '阳台']",1.中建长清湖的房子是成熟型的小区。小区吧整体还不错。2.租赁生活成本低，物业费是1.8元/平方.3.此小区周边靠近大学，还有商业配套全，需求量大，租赁房源流通速度快，所以建议提前开始找房，希望找到您称心如意的房子。4.本小区有从10几平的单身公寓，各种面积需求，各种户型需求应有尽有，但是记住本小区需求量大，大，价格高，高，所以提前规划您的用房，有时候不一定有适合您的房子！
新出~七里河小区~精装修~南北通透~家具家电齐全~领包住,2室2厅1卫,整租,114O,南北,低层 / 6层,七里河小区,历城七里河 - 七里河路,1650,无,"['电视', '空调', '热水器', '洗衣机', '冰箱', '床', '沙发', '衣柜', '暖气', '宽带', '可做饭', '阳台']",1.这个小区物业正规，24*物业，安全的很2、咱们小区周边有很多济南小吃，满足吃货的要求，之前我经常在这吃3、自家房子，价格低廉、房子照片都是我自己亲自拍摄的，随时看房，正规卧室，4、物品损坏24*内免费上门维修、我们有自己的维修师傅5、服每星期定期检查卫生，排除电路水路等安全隐患6、房间干净整洁、每天都会打扫卫生、希望租客能吧那当成自己的家、维护机自觉打扫卫生、7、租赁期间如有各项问题，我们客服为您排解困难协调调解温馨提示养宠物的、没有正当职业的、不爱干净的、大吵大闹的，为了营造干净、和谐、安全的居住环境，以上租客不租谢谢合作、
景和山庄 3室2厅2卫 2700元月 配套齐全 电梯房,3室2厅2卫,整租,130O,南,低层 / 18层,景和山庄,"历城建筑大学 - 凤鸣路,近经十路",2700,无,"['电视', '空调', '热水器', '洗衣机', '冰箱', '床', '沙发', '衣柜', '暖气', '宽带', '可做饭', '阳台']",1.房源真实，南北通透，房屋宽敞，干净卫生，采光好，视野棒。免费wifi，家具家电等基本设施齐全随时拎包入住，给您一个方便温馨舒适的居住环境。2.房屋人员问题：为了营造干净、温馨、和谐、安全的居住环境，租客都是有素质的上班族，公司绝不租给不三不四，生活无规律，无正当职业，大吵大闹的租客。3.免费维修家具家电，配有专业维修后勤团队，免去生活烦恼。4.小区介绍：地处成熟商圈，周围菜市场，超市，饭店，小吃街，银行，娱乐场所等生活设施一应俱全。小区绿化环境好，保安24巡逻，居住安全可靠。服务保障：1.入住安全放心有保障。2.公共区域定期保洁，居住环境好。3.我们在济南各地均有房源，只要您一个电话，我们风里雨里免费带您看房。让您在这个城市找到一个属于自己的温馨小窝。
千佛山B格满满客厅影院级沙发精美衣帽间精装两室好房开窗见山,2室2厅1卫,整租,93O,南北,共5层,塑料七宿舍,历下环山路 - 环山路138号,2700,无,"['电视', '空调', '热水器', '洗衣机', '冰箱', '床', '沙发', '衣柜', '暖气', '宽带', '可做饭', '阳台']",1房子为两室两厅一卫户型，南北通透，卧室朝阳。2家电家居齐全，客厅超大电视，影院VIP厅同款沙发，厨卫设施齐全，房主之前自用，非常齐全方便3小区环境很好，安静舒适。卧室开窗见山4欧式大床，精美衣帽间B格满满的精装好房5周围配套设施健全，有千佛山医院，省中医，银座超市，东方双语学校，外国语学校等
汉峪金谷舜泰广场周边精装三室，家具家电齐全，民水民电，可月付,3室2厅2卫,整租,144O,南北,中层 / 33层,汉峪金谷金寓,"高新汉峪 - 龙奥北路,近舜华南路",3000,无,"['电视', '空调', '热水器', '洗衣机', '冰箱', '床', '沙发', '衣柜', '暖气', '宽带', '可做饭', '阳台']",水费电费都是正规居民用电用水费用标准；无乱收费现象；照片实拍；可靠真实！交通便利，紧邻公交车站！周边生活设施齐全，商场、超市、菜市场、银行、医院、学校等应有尽有！户型朝阳，南北通透，暖气空调齐全，冬暖夏凉！【周边环境】居家环境成熟，生活配套设施完善！随时看房拎包入住！
中国MALL城市之星 3室2厅2卫 2000元月 精装修,3室2厅2卫,整租,115O,南,中层 / 26层,中国MALL城市之星,"市中鲁能领秀城 - 英雄山路,近阳光东路",2000,无,"['电视', '空调', '热水器', '洗衣机', '冰箱', '床', '沙发', '衣柜', '暖气', '宽带', '可做饭', '阳台']",三室两厅两卫，家具家电齐全，房主着急出租，电梯房，位置优越，方便出行，小区物业做的很到位，绿植高，人车分流，老人小孩在小区内玩很安全，小区旁边有各大银行，超市北京华联，购物广场，贵和购物广场，完全可以完全满足日常的居住要求。
拎包入住 一室一厅 家具齐全 集中供暖 看房方便,1室1厅1卫,整租,20O,北,低层 / 22层,实力伴云居,"槐荫经十西路 - 经十路,近腊山北路",1000,无,"['空调', '热水器', '洗衣机', '床', '沙发', '衣柜', '可做饭']",小区介绍：环境舒适宜人封闭式花园小区小区内有超市，周边有明星菜市场和腊山农贸市场房源介绍：房屋家具家电设施齐全采光好，全明户型附近有81路109路78路96路202路等多路公交车出门交通便利，地铁口就在小区对面，小区内有地上地下停车位
无中介f拎包入住洪家楼印象城山东大学彼岸新都海蔚广场家电齐全,1室1厅1卫,整租,50O,南,高层 / 12层,广厦聚隆广场(商住楼),历城洪家楼 - 洪家楼南路1号,2100,无,"['电视', '空调', '热水器', '洗衣机', '冰箱', '床', '沙发', '衣柜', '暖气', '宽带', '可做饭', '阳台']",下面就是印象城，旁边还有洪楼夜市，非常热闹，山东大学，距离宽厚里，大明湖两公里，拎包入住，家具家电齐全。可根据租客个性化需求配家具，无任何费用，带办车位，代办租房补贴！！！！！！
中物世纪芯好房 家电家具齐全 急租 精装修 近东8区 经十路,1室1厅1卫,整租,29O,南,低层 / 27层,中物世纪芯,"历城唐冶 - 唐冶西路,近世纪大道",1200,无,"['电视', '空调', '热水器', '洗衣机', '冰箱', '床', '沙发', '衣柜', '暖气', '宽带', '可做饭', '阳台']",房子干净明亮，装修风格时尚，家电齐全，拎包入住，周边餐饮娱乐菜市场公交站齐全，可洗澡做饭，长租价格可议，欢迎咨询
家具齐全，简单装修，紧挨着学校，交通便利，停车方便,2室2厅1卫,整租,80O,南北,中层 / 6层,乐天小区(三区),长清恒大绿洲 - 大学路958号,1200,无,"['床', '沙发', '暖气', '可做饭', '阳台']",房子户型好，简单家具，价格可议，紧挨着学校，环境优美
精装南北通透大四室 家具家电配套全 临商业街出行方便 随时看,4室2厅2卫,整租,144O,南北,高层 / 18层,阳光100国际新城(B...,槐荫阳光100 - 阳光新路,3500,无,"['电视', '空调', '热水器', '洗衣机', '冰箱', '床', '沙发', '衣柜', '暖气', '可做饭', '阳台']",1【户型优势】阳光100南北通透，高层精装大四室，家具家电配套齐全。超大客厅、卧室全明户型，高层采光通风非常好，居住舒适。临近商业街，近车站，购物出入方便。随时可以看房！近美乐汇商场，购物娱乐影院KTV一应俱全！2【房屋现状】高楼层，舒适安静。3【】4所幼儿园、2所小学、1所中学（外国语中小学九年、阳光100小学）让您的孩子不出小区轻松入托、入学，坐享教育资源。4【商圈优势】阳光100国际新城是经十路和谐广场商圈大的成熟社区，地理位置优越，设施配套齐全，餐饮、购物、娱乐、出行一步到位，让你的生活更加方便快捷。
泉城广场 齐鲁医院 新闻大厦 天鹅大厦 朝山街 恒隆世贸广场,1室1厅1卫,整租,49O,南,中层 / 6层,朝山街单位宿舍,历下泉城路 - 朝山街17号,1889,无,"['电视', '空调', '热水器', '洗衣机', '冰箱', '床', '沙发', '衣柜', '暖气', '宽带', '可做饭', '阳台']",一・【低价方便】1、水费电费都是正规居民用电用水费用标准；绝无乱收费现象；2、交通便利，短时间就可以步行到公交站牌；3、周边生活设施齐全，商场、超市、菜市场、银行、学校等应有尽有！4.实拍照片，真实可靠！二、【周边环境】1.闹中取静（非常静谧的地方），居家环境成熟，生活配套设施完善！2.物业管理，安全规范！三、【更无任何/中/介/费/用】1.随时看房拎包入住！2.年龄超过40岁，孕妇、带小孩的、养宠物的，有不良嗜好的我一律不租，因为我这里的租客都是高素质的年轻人毕竟谁也不想自己的家乱七不糟，自己居住的地方吵吵闹闹，我力所能及的就是让我的房客住的安全舒适，谢谢合作！
个人房屋免中介水网物业费免租一月精装一室一卫900到1300,1室0厅1卫,整租,25O,南北,共4层,重汽彩世界,天桥济齐路 - 无影山中路130号,900,无,"['空调', '热水器', '床', '衣柜', '宽带', '可做饭']",公寓属于个人房源，无中介费，价格在900到1500不等，免物业费，免宽带网线费，免水费。公寓简介（酒店式管理宾馆式服务）公寓房间注重细节的打造，精心营建舒适实用房间，房间为开放式设计，配有开放式厨房与独立卫生间。地理位置：位于天桥区无影山中路与济齐路交叉口，临近马路，公交车辆多，交通方便，周边有大型超市，饭店，蔬菜市场、超市，早餐点等室内设施：室内设施齐全，每一间都有独立卫生间，开放式厨房，全新空调，全新全套家具。安保措施：有专业安保人员，24值班门卫，各个楼层都有监控，门禁卡管理，一人一卡制，有消防设施齐全。真诚欢迎来自各地的朋友们入住，我们将不遗余力为您打造一个温馨舒适的居住小窝！
O中介  恒大城公寓 家具家电齐全 干净明亮 双气 随时看房,1室1厅1卫,整租,36O,南,中层 / 30层,恒大城(商住楼),历城王舍人 - 工业北路,1200,距离地铁R3号线王舍人站277米,"['电视', '空调', '热水器', '洗衣机', '冰箱', '床', '沙发', '衣柜', '暖气', '宽带', '可做饭', '阳台']",1拎包入住采光好房子空间大2生活方便舒适离王舍人地铁口很近交通便利3附近购物超市居多购物方便快捷
年底促销一室一厅1400，实图实价没有一点水分山师东路和平路,1室1厅1卫,整租,53O,南,高层 / 10层,诚基中心,历下和平路 - 和平路47号,1400,无,"['电视', '空调', '热水器', '洗衣机', '冰箱', '床', '沙发', '衣柜', '暖气', '宽带', '可做饭', '阳台']",附近标识：山师、山艺、千医、省中医、八院二、小区介绍：以精装小户型为主，电梯房，配套设施齐全，成熟商圈，文化底蕴深厚，入住多为年轻人，有朝气.三、公交直达：省杂技团18路48路75路110路123路K59路K94路；山师东路文化东路31路K93路；附近其他公交站点有山大路文化东路.和平路历山东路.文化东路西口.经十路山师东路。
新出~锦绣泉城~精装两室~两室朝阳~家具家电齐全~领包住,2室2厅1卫,整租,87O,南北,中层 / 18层,锦绣泉城,历城华龙路 - 华龙路999号,1800,无,"['电视', '空调', '热水器', '洗衣机', '冰箱', '床', '沙发', '衣柜', '暖气', '宽带', '可做饭', '阳台']",1.这个小区物业正规，24*物业，安全的很2、咱们小区周边有很多济南小吃，满足吃货的要求，之前我经常在这吃3、自家房子，价格低廉、房子照片都是我自己亲自拍摄的，随时看房，正规卧室，4、物品损坏24*内免费上门维修、我们有自己的维修师傅5、服每星期定期检查卫生，排除电路水路等安全隐患6、房间干净整洁、每天都会打扫卫生、希望租客能吧那当成自己的家、维护机自觉打扫卫生、7、租赁期间如有各项问题，我们客服为您排解困难协调调解温馨提示养宠物的、没有正当职业的、不爱干净的、大吵大闹的，为了营造干净、和谐、安全的居住环境，以上租客不租谢谢合作、
七里堡小区出租 精装修 附近银座购物广场 山东大学洪家楼校区,2室1厅1卫,整租,77.31O,南北,高层 / 6层,七里堡小区,历城七里堡 - 二环东路1728号,1799,无,"['电视', '空调', '热水器', '洗衣机', '冰箱', '床', '沙发', '衣柜', '暖气', '可做饭', '阳台']","【格局】2室1厅1卫，采光好，视野无遮挡。【价格】租金1799元/月【装修】房子居家精装，保养全新【图片为本房图片】【看房】24随时。公交：113路（七里堡小区站)公交：brt4路,k93路,k55路,75路,106路,165路,70路,46路（鑫达小区站)大学：山东大学、工会干部学院、银行学校商场：洪楼大润发超市、银座洪楼店、乐购、七里堡茶城、易购商场、环联小商品、七里堡蔬菜批发市场、环联小商品市场、百代商城医院：济南市历城中医院社区服务中心、齐鲁中西医门诊部、爱尔眼科医院邮局：洪楼邮电支局邮政储蓄银行：交通银行二环东路支行、农业银行、工商银行、建设银行、农村信用社其他：金宝座大酒店、鲁菜皇大酒店、陶然居、幸福时光KTV、挑战麦克风、七里堡菜市场小区内部配套：国医堂诊所"
千佛山国华金鸡岭独栋别墅 独门独院好停车 办公会所接待随时看,7室2厅2卫,整租,350O,南北,共2层,金鸡岭别墅,市中八里洼 - 旅游路,16000,无,"['空调', '热水器', '宽带', '可做饭']",千佛山下舜耕山庄东国华东方美郡金鸡岭独栋别墅好位置，靠近旅游路，独门独院好停车户型格局好，房间大，做办公室办公，餐厅接待都很好用随时联系我看房，装修好，可直接使用
财富壹号融悦段店世购旁 精装修双气电梯房 拎包入住 干净整洁,3室2厅2卫,整租,116O,南北,中层 / 30层,剑桥府邸,槐荫腊山立交桥 - 经十西路27616,1800,无,"['电视', '空调', '热水器', '洗衣机', '冰箱', '床', '沙发', '衣柜', '暖气', '宽带', '可做饭', '阳台']",欢迎光临我的个人网上店铺我将竭诚为您服务1、位置：经十路世购段店财富壹号附近，附近有五院，儿童医院，森林公园，舜和国际酒店，省立医院西院，华联超市，和谐广场，财富壹号段店市场，生活设施齐全等2、户型：经典三室两厅，南北通透，户型方正，采光好、全明格局，客厅宽敞大气。3、社区：剑桥府邸，花园式封闭社区，绿化环境好，环境优美且安静，人文素质高，物业管理完善，小区治安好，停车非常方便4、配套：家电家具齐全，双气，电梯房，精装修，干净整洁，伶包入住！5.业主诚心出租，好房不等人本人承诺：在带看过程中不收取任何费用，房子满意后，双方签约合同！详情扫码咨询。。。希望您是讲卫生的好租客，安静不闹的好邻居!
年底促销实图实价，采光好性价比高，临山师华强省医泉城广场诚基,1室0厅1卫,整租,42O,南,高层 / 12层,诚基中心,历下和平路 - 和平路47号,1200,无,"['电视', '空调', '热水器', '洗衣机', '冰箱', '床', '沙发', '衣柜', '暖气', '宽带', '可做饭', '阳台']",附近标识：山师、山艺、千医、省中医、八院二、小区介绍：以精装小户型为主，电梯房，配套设施齐全，成熟商圈，文化底蕴深厚，入住多为年轻人，有朝气.三、公交直达：省杂技团18路48路75路110路123路K59路K94路；山师东路文化东路31路K93路；附近其他公交站点有山大路文化东路.和平路历山东路.文化东路西口.经十路山师东路。
景苑小区 三室两卫 家具家电齐全  实图 随时入住,3室2厅2卫,整租,124O,南北,中层 / 11层,景苑小区,高新经十路高新段 - 经十路,2100,无,"['空调', '热水器', '洗衣机', '冰箱', '床', '沙发', '衣柜', '暖气', '宽带', '可做饭', '阳台']",高新区武警总队单位宿舍设施齐全电梯房双气三线齐全精装床衣橱电脑桌沙发茶几空调冰箱洗衣机热水器油烟机炉灶等小区位于经十东路与水华路，汉峪金谷舜泰广场东，近齐全软件园、美莲广场、奥盛大厦、银河大厦、万达文旅城、银座汽车等高新区乘坐115116136直达水华路站下车即是实拍图片有钥匙随时看房随时入住
西客站~大尧风华盛景  拎包入住 干净舒适  3室2厅1卫,3室2厅1卫,整租,98O,南北,中层 / 23层,大尧风华盛景,"槐荫西客站 - 腊山河西路,近兴福寺路",2500,距离地铁R1号线方特站1488米,"['空调', '热水器', '洗衣机', '床', '沙发', '衣柜', '暖气', '可做饭', '阳台']",1.装修清爽，此房精装修，干净清爽2.户型好，室内采光好，3.交通便利：周边公交站点多，周边公交4.生活便利：小区地处，周边大银行，商店生活十分便利！家具家电齐全业主诚心出租价格可谈有需要的随时可以联系我
豪华一室，采光好视野好可短租可月付，家电齐全拎包入住，诚基。,1室1厅1卫,整租,42O,南,高层 / 12层,诚基中心,历下和平路 - 和平路47号,1200,无,"['电视', '空调', '热水器', '洗衣机', '冰箱', '床', '沙发', '衣柜', '暖气', '宽带', '可做饭', '阳台']",附近标识：山师、山艺、千医、省中医、八院二、小区介绍：以精装小户型为主，电梯房，配套设施齐全，成熟商圈，文化底蕴深厚，入住多为年轻人，有朝气.三、公交直达：省杂技团18路48路75路110路123路K59路K94路；山师东路文化东路31路K93路；附近其他公交站点有山大路文化东路.和平路历山东路.文化东路西口.经十路山师东路。
钥匙房源 欧亚大观公寓 可办公 美容 会所 近和谐广场,2室2厅2卫,整租,130O,南,中层 / 20层,欧亚大观商都,市中建设路 - 卧龙路,3000,无,"['空调', '热水器', '暖气', '可做饭', '阳台']",【位置】：快客房产;欧亚大观店--本公司全面代理欧亚大观“写字间”及“公寓”，有钥匙，随时看房。50--500平写字间欧亚大观商都位于济南市市中区阳光新路与卧龙路交叉口【户型结构】：复式经典房，入户朝阳大客厅，方正好用，主卧客厅朝阳，餐厅通联，宽敞明亮，采光超棒，配备独立卫生间，户型设计合理，空间利用率极高，尽享品质生活！【周边配套】:欧亚大观商都，泉景鸿园商务大厦，山水大润发，中海环宇城，沃尔玛、省立医院南院、各大银行都有【交通状况】：公交线路线：41、K55、62、74、K92、K94、120、128、K139路公交车车。向南有二环南高架桥。您的需求是我们努力的方向！欢迎您致电，小罗带您看房！【业主状态】：业主诚心急租，看房提前预约！您的需求是我们努力的方向！欢迎您致电，明艳带您看房！房源很多，不能一一推送，需要租房，欢迎实地看房！
恒大奥东新都近邻汉峪金谷舜泰广场精装三室家具家电齐全拎包入住,3室2厅2卫,整租,127O,南北,高层 / 31层,恒大奥东新都,高新经十路高新段 - 凤山路,2700,无,"['电视', '空调', '热水器', '洗衣机', '冰箱', '床', '沙发', '衣柜', '暖气', '宽带', '可做饭', '阳台']",1.小区位于经十路北凤山路西世纪大道南凤凰路东近邻汉峪金谷，舜泰广场，金域蓝山，万科金域华府，三庆城市主人，体育学院，齐鲁软件园，文化创意基地，高新万达广场，智远小学等地理位置较好。2.小区门口多路公交出门即站牌出行快速便捷。3.小区环境优美，绿化面积大，安全静谧。4.小区周边配套设施齐全，超市，药店，银行，幼儿园，小学等生活较便利。5.房间统一精装豪装，全自动洗衣机，冰箱，热水器等家电齐全，拎包即入住，家具家电可按照您的需求配置。6.万科物业居住舒适性高，安全性高。给您一个舒适的家。7.价格实惠，物有所值，业主诚意出租，看房随时
解放东路  文博家园  精装修  大三室  急租,3室2厅2卫,整租,140O,南北,低层 / 17层,文博家园,历下解放东路 - 解放东路24号,4200,距离地铁R3号线奥体中心站1618米,"['电视', '空调', '热水器', '洗衣机', '冰箱', '床', '沙发', '衣柜', '暖气', '宽带', '可做饭', '阳台']",小区路段交通便利位于cbd商业中心附近有学校医院商场出行方便适宜居住
整租海尔绿城精装三室两厅两卫可配家具家电随时可以看房,3室2厅2卫,整租,152O,南北,中层 / 15层,海尔绿城百合园北区,高新奥体中心 - 老石沟路,5800,距离地铁R3号线龙奥大厦站1594米,"['空调', '热水器', '衣柜', '暖气', '可做饭', '阳台']",1、海尔绿城全运村百合园位于奥体中心、市政府南邻小区三面环山东西南、三面山体将小区整个环绕、空气清新自然。2、小区内部人车人流绿化率45%园区内有游泳池喷泉各种名贵树种、优美的小区环境让业主如入公园。3、室内屋况整洁干净、屋内保持良好。4、房主诚意出租：精装156平可空房出租也可以配家具家电有车位一，奥体中心，济南市龙奥大厦南，海尔绿城高档住宅区，百合园区，小高层大三室，观景房，精装好户型带家具家电。二，配套齐全，车位，门口银行，超市，药店，旁边学校，幼儿园，奥体中心场管等。有钥匙看房方便。
三庆城市主人 3室2厅1卫 3100元月 电梯房 精装修,3室2厅1卫,整租,125O,南北,中层 / 29层,三庆城市主人,高新经十路高新段 - 兴港路1166号,3100,无,"['电视', '空调', '热水器', '洗衣机', '冰箱', '床', '沙发', '衣柜', '暖气', '宽带', '可做饭', '阳台']",历下区凤山南路北侧、兴港路南侧楼盘介绍三庆城市主人规划建筑用地面积71724平米，地上容积率为2.8，地下容积率为1.3，建筑谜底18%，绿化率35%，停车率100%，总建筑面积30.85万平米，地上建筑面积20.08万平米，地下建筑面积10.77万平米。代理机构：山东阳光招标有限公司中标单位：汉嘉设计集团股份有限公司三庆集团多年来，在民用住宅开发过程中，坚持推行“经济房”开发理念，始终关注普通人，面向普通人；深入研究住宅市场，研究市消费者的心理、行为；重视人的价值，以满足现代人个性化的居住需求为目的；合理利用宝贵资源，关注城市环境和自然生态，使人的安居与自然和睦共处；同时在各城市项目开发中努力延续地方文脉，使住宅也有机地融入城市的传统之中。
唐冶 鲁商凤凰城 两室精装家电齐全 拎包入住 近东八区 药谷,2室2厅1卫,整租,92O,南北,中层 / 33层,鲁商凤凰城,历城唐冶 - 幼安街,2200,无,"['电视', '空调', '热水器', '洗衣机', '冰箱', '床', '沙发', '衣柜', '暖气', '宽带', '可做饭', '阳台']",1、客厅宽敞大方使用率高2、卧室温馨舒适3、厨房设施齐全三社区配套1、环境优雅、低密度社区2、小区绿化率高空气清新4、周边配套地理位置得天独厚出行方便节约时间期待您的来电和咨询！
工业北路华联超市旁，紧邻万虹广场，新东站。可月付，可短租。,1室0厅1卫,整租,35O,南,中层 / 6层,王舍人庄鲍华苑,历城工业北路 - 工业北路43-1号,990,距离地铁R3号线王舍人站1272米,"['电视', '空调', '热水器', '洗衣机', '冰箱', '床', '沙发', '衣柜', '暖气', '宽带', '可做饭', '阳台']",房屋推荐特点：1、户型特点：中高层、户型方正、采光视野好，适宜居住。2、室内精装修，拎包入住，宽敞大方，使用率高；卧室温馨舒适，搭配心怡，厨房设施齐全。3、环境优雅，低密度社区，小区绿化率高，让你每天生活在空气清新的环境下。4、小区地理位置好，位于商业圈，交通便利，出小区就是站牌，小区周边配套设施齐全，银行、超市、菜市、学校、医院、商务会所，应有尽有。小区环境幽雅，绿化面积大，家里家室家电齐全，可带衣物直接入住！看房方便，提前预约！
精装修 家具家电齐全 3室2厅1卫 价格可议 120平,3室2厅1卫,整租,120O,南北,中层 / 8层,转山西路20号院,历下经十路历下段 - 转山西路20号,3500,无,"['电视', '空调', '热水器', '洗衣机', '冰箱', '床', '沙发', '衣柜', '暖气', '宽带', '可做饭', '阳台']",1.三室两厅一卫2.房屋干净整洁，光照充足，可直接拎包入住。3.房屋精装修，厨房可做饭，4.随时入住
高速绿城兰园3室 拎包入住  南北通透 2000,3室2厅1卫,整租,118O,南北,高层 / 27层,山东高速绿城兰园,"长清长清湖 - 紫薇路,近丁香路",2000,无,"['电视', '空调', '热水器', '洗衣机', '冰箱', '床', '沙发', '衣柜', '暖气', '宽带', '可做饭', '阳台']",环境清幽，南北通透采光好精装修可拎包入住
明湖天地 3室1厅1卫 3500元月  电梯房,3室1厅1卫,整租,103O,南北,低层 / 33层,明湖天地,历下明湖东路 - 明湖东路10号,3500,无,"['电视', '空调', '热水器', '洗衣机', '冰箱', '床', '沙发', '衣柜', '暖气', '宽带', '可做饭', '阳台']",更多同类好房源.请点击右上角我的头像进入我的店铺查看.欢迎致电。房屋详情：卧室朝阳，南北通透。双气，精装房，大床，油烟机，燃气灶，空调，冰箱，电视，挂衣橱，写字台，餐桌，热水器等，拎包入住周边配套：紧挨大明湖，老东门，奥斯卡。附近学校，医院，银行，公园餐饮，娱乐设施齐全！
景苑小区 两室 家具齐全 空调房 有电梯 免物业费,2室1厅1卫,整租,90O,南,高层 / 12层,景苑小区,高新经十路高新段 - 经十路,1500,无,"['空调', '热水器', '床', '沙发', '衣柜', '暖气', '宽带', '可做饭', '阳台']",高新区武警总队单位宿舍设施齐全电梯房免物业费精装床衣橱电脑桌沙发茶几空调热水器油烟机等小区位于经十东路与水华路，汉峪金谷舜泰广场东，近齐全软件园、美莲广场、奥盛大厦、银河大厦、万达文旅城、银座汽车等高新区乘坐115116136直达水华路站下车即是实拍图片有钥匙随时看房随时入住
急租山东大学 洪家楼 花园小区三区2室1厅1卫2000元月,2室1厅1卫,整租,87.00O,南北,中层 / 6层,花园小区(三区),历城黄台南路 - 黄台南路,2000,无,"['电视', '空调', '热水器', '洗衣机', '冰箱', '床', '沙发', '衣柜', '暖气', '宽带', '可做饭', '阳台']",推荐6大理由：地理位置优越，的地段。第二：公交地铁十分方便，出行方便，上下班更方便。第三：周围商店，购物方便，节省您的宝贵时间。第四：小区绿化率高。环境优美。宁静和谐，好环境总会给人带来好心情。第五：房干净整洁，温馨舒适，窗明几净，就等着您的拎包入住。第六：家电齐全豪华装修，宽敞明亮，布局大方，采光非常好。个人介绍：您好，我是中住地产的经纪人房茹。请与我联系，我会帮您在很短的时间内找到合适的房子。
东山墅豪装三室 价可议 配套齐全 辅仁福地街旅游路附近,3室2厅2卫,整租,137O,南北,中层 / 6层,东山墅,历下历下周边 - 旅游路7号,4800,无,"['电视', '空调', '热水器', '洗衣机', '冰箱', '床', '沙发', '衣柜', '暖气', '宽带', '可做饭', '阳台']",1.辅仁学校附近临近旅游路转山西路附近交通便利2.银座附近临近有伏牛山公园景观环境3.临近有武警医院省医院东院医疗资源完善
O中介 印象城青苹果公寓  随时看房  整租   拎包入住,1室1厅1卫,整租,58O,东,低层 / 18层,青苹果公寓,历城山大路历城段 - 花园路184号,1480,无,"['电视', '空调', '热水器', '洗衣机', '冰箱', '床', '沙发', '衣柜', '暖气', '宽带', '可做饭', '阳台']",房源覆盖：历城区，天桥区，高新区，历下区！整租合租精装豪装房源多多质询＋↓验房实勘真实有效无中介fei可月付1.房子干净整洁家具家电齐全可随时入住2.诚意出租3.周边配套齐全，应有尽有，满足一切生活需求。4随时电话联系看房如不方便可加：（卫心）看序列号！→（1）（5）（6）（6）（8）（3）（3）（0）（8）（3）（7）都可以跟我联系很多人在我这都找到了心仪的房子东至会展中心西至济南火车站北至小清河南至经十路均有房源随时联系随时看房
奥体中心龙奥九号浪潮汉峪金谷舜泰周边带燃气公寓，可短租付一,1室1厅1卫,整租,32O,南,低层 / 28层,龙湖奥东11号,高新汉峪 - 舜义路,1500,无,"['电视', '空调', '热水器', '洗衣机', '冰箱', '床', '沙发', '衣柜', '暖气', '宽带', '可做饭', '阳台']",入住前深度保洁，做到拎包就能入住家具家电及时上门维修，随时可预约中途退租可以自行转租，减少违约损失地铁、公交公共交通便捷无忧…随便去哪儿周边各大商超、美食环绕其中，生活设施便利，吃喝玩乐，应有尽有
环东佳苑出租 精装修 附近银座购物广场 洪楼广场 拎包入住,3室1厅2卫,整租,86.34O,南北,高层 / 6层,环东佳苑,历城花园路历城段 - 花园路59号,2299,无,"['电视', '空调', '热水器', '洗衣机', '冰箱', '床', '沙发', '衣柜', '暖气', '可做饭', '阳台']",【格局】3室1厅2卫，采光好，视野无遮挡。【价格】租金2299元/月【装修】房子居家精装，保养全新【图片为本房图片】【看房】24随时。花园路中段-公交车站--途经公交车：16路、46路、70路、75路、106路、165路、brt4路、k55路、k93路大学：山东大学商场：环联小商品市场、历城商场、海蔚商城医院：齐鲁中西医门诊部、山大医院老校门诊部邮局：历城区邮政局银行：中国农业发展银行济南历城支行、建设银行花园路中段分理处、其他：h鸭源大酒店、金狮100超市化宾馆(二环东路)、环联大酒店小区内部配套：社区健身场地
新出好房 精装三室，凯旋新城 五院附近 同小区多套优选房源,3室2厅1卫,整租,118O,南北,高层 / 13层,凯旋新城(西区),槐荫段店 - 经十路25166号,2400,无,"['电视', '空调', '热水器', '洗衣机', '冰箱', '床', '沙发', '衣柜', '暖气', '宽带', '可做饭', '阳台']",欢迎光临我的网上店铺：1位置：经十路沿线，紧邻五院，儿童医院，华联超市，和谐广场，苗圃花园，出行方便！2社区：花园式社区，环境优美，绿化率高，人文素质高，物业管理完善！3户型：经典两室两厅，两室客厅都朝阳，客厅落地飘窗，户型方正，采光！4配套：精装修，家电家具齐全，拎包入住，小区带电梯!，好房不等人，有意者联系我！
急租整套中海御山首 府117平带车位地下室1600啦,3室2厅1卫,整租,117O,南北,中层 / 31层,中海御山首府,历城华山 - 鹊华大道,1500,无,"['电视', '空调', '热水器', '洗衣机', '冰箱', '床', '沙发', '衣柜', '暖气', '宽带', '可做饭', '阳台']",中海华山珑城东御山首府小区涵盖2居室94平三室97平104平117平128平户型物业费为2.12元和2.2元车位管理费为38.5每月中海御山首府117平3居中等装修业主好说话寻求干净租客租住小区绿化好环境好保安24巡逻全程服务公交车：K75路公交车直达全福立交桥交通便利小区门口就有幼儿园小学
新出~逸东花园~精装两室~南北通透~家具家电齐全~领包住,2室2厅1卫,整租,113O,南北,中层 / 6层,逸东花园,历城七里河 - 华信路6-1号,1700,无,"['电视', '空调', '热水器', '洗衣机', '冰箱', '床', '沙发', '衣柜', '暖气', '宽带', '可做饭', '阳台']",1.这个小区物业正规，24*物业，安全的很2、咱们小区周边有很多济南小吃，满足吃货的要求，之前我经常在这吃3、自家房子，价格低廉、房子照片都是我自己亲自拍摄的，随时看房，正规卧室，4、物品损坏24*内免费上门维修、我们有自己的维修师傅5、服每星期定期检查卫生，排除电路水路等安全隐患6、房间干净整洁、每天都会打扫卫生、希望租客能吧那当成自己的家、维护机自觉打扫卫生、7、租赁期间如有各项问题，我们客服为您排解困难协调调解温馨提示养宠物的、没有正当职业的、不爱干净的、大吵大闹的，为了营造干净、和谐、安全的居住环境，以上租客不租谢谢合作、
家具齐全。拎包入住，小区环境优美，配套齐全,3室1厅1卫,整租,100O,南北,低层 / 27层,绿城m园,历下康虹路 - 奥体中路,2300,无,"['床', '沙发', '衣柜', '暖气', '可做饭', '阳台']",新房未住，价格可议，停车方便，简单家具，环境优美，附近有大型超市
包暖气 赵家新苑1室1厅1卫 电梯房 随时看,1室2厅1卫,整租,60O,南,高层 / 27层,赵家新苑,历城工业北路 - 凤凰路,1800,无,"['电视', '空调', '热水器', '洗衣机', '冰箱', '床', '沙发', '衣柜', '暖气', '宽带', '可做饭', '阳台']",1、位置：高新花园东路和凤凰路口徐家庄2、户型：1室1厅1卫3、配套：双人床、床头柜、衣橱、沙发、茶几、电视机电视机柜、冰箱、洗衣机、空调、整体厨房油烟机、整体卫生间热水器等全套家居家电4.有钥匙随时看房随时入住好房5、高新工业南路、奥体中路、奥体中心、高新会展中心、汉峪、齐鲁软件园高新万达广场及凤凰路周边房源都有，需要的客户可以随时联系点击我的头像可直接进入我的网络门店查看更好房源！
唐冶 保利花园 两室精装家电齐全 近经十路 保税区 邢村立交,2室2厅1卫,整租,80O,南北,低层 / 33层,保利花园,历城邢村立交桥 - 经十东路299号,1800,无,"['电视', '空调', '热水器', '洗衣机', '冰箱', '床', '沙发', '衣柜', '暖气', '宽带', '可做饭', '阳台']",1、客厅宽敞大方使用率高2、卧室温馨舒适3、厨房设施齐全三社区配套1、环境优雅、低密度社区2、小区绿化率高空气清新4、周边配套地理位置得天独厚出行方便节约时间期待您的来电和咨询！
二环南路边领秀城华润仰山舜阳山庄 精装复式 办事处居住好停车,4室3厅3卫,整租,360O,南北,低层 / 6层,舜阳山庄,市中鲁能领秀城 - 二环南路,13000,无,"['电视', '空调', '热水器', '洗衣机', '冰箱', '床', '沙发', '衣柜', '暖气', '宽带', '可做饭', '阳台']",二环南路华润舜阳山庄，靠主路交通便利精装修复式，带车库好停车家具家电齐全，居住办公办事处好用看房方便，随时联系我
可短租 经十路 浆水泉路 实拍 可做饭 朝阳空间大 价格美丽,1室0厅1卫,整租,28O,南,低层 / 20层,卓越时代广场,历下浆水泉路 - 浆水泉路16号,1400,无,"['空调', '热水器', '洗衣机', '床', '衣柜', '暖气', '宽带', '可做饭']",房源优势：1.图片均为实拍图，这个不合适咱还有下一个2.不说装修多好，至少干净卫生3.不像房居住人多且杂，合租四间多，品牌只为专属的你。4.小区，出门公交，闹中取静，成熟商圈，周边菜市场，超市，小吃街，无论你是购物狂，吃货，夜猫子，宅都能满足。5.三有不租，养宠物者不租，无正当职业着不租，素质低下的不租，让合租的你住的更有品质。6.服务周到，带你看遍济南商圈所有房源，相信我，成就你。7.无线宽带、衣柜、大床、电脑桌、晾衣架、空调、热水器、暖气、冰箱、洗衣机、全套厨房可做饭
阳光100 和谐广场 精装一室 客卧分离 拎包入住 大阳台,1室2厅1卫,整租,65.84O,南,中层 / 18层,阳光100国际新城(H...,槐荫阳光新路 - 阳光新路19号,1800,无,"['电视', '空调', '热水器', '洗衣机', '冰箱', '床', '沙发', '衣柜', '暖气', '宽带', '可做饭']",【户型优势】阳光100F区，出行便利，楼下车站；精装高层南向，一室两厅一卫，独立阳台，家具家电齐全。高层，采光通风视野很好，居住温馨舒适。楼下美乐汇商场，购物娱乐影院KTV一应俱全！【房屋现状】高楼层，舒适安静。幼儿园、小学、中学（外国语中小学九年、阳光100小学）让您的不出小区轻松入托、入学，坐享教育资源。【商圈优势】阳光100国际新城是经十路和谐广场商圈大的成熟社区，地理位置优越，设施配套齐全，餐饮、购物、娱乐、出行一步到位，让你的生活更加方便快捷。
凯旋新城经十路 精装修双气 电梯房 五院儿童医院 段店营市街,2室2厅1卫,整租,95O,南北,中层 / 25层,凯旋新城(西区),槐荫段店 - 经十路25166号,1600,无,"['电视', '空调', '热水器', '洗衣机', '冰箱', '床', '沙发', '衣柜', '暖气', '宽带', '可做饭', '阳台']",欢迎光临我的个人网上店铺我将竭诚为您服务1、位置：经十路段店营市街，紧邻五院，儿童医院，森林公园，舜和国际酒店，省立医院西院，华联超市，和谐广场，财富壹号段店市场，生活设施齐全等2、户型：经典两室两厅，南北通透，户型方正，采光好、全明格局，客厅宽敞大气。3、社区：凯旋新城西区，花园式封闭社区，绿化环境好，环境优美且安静，人文素质高，物业管理完善，小区治安好，停车非常方便4、配套：家电家具齐全，双气，电梯房，精装修，干净整洁，伶包入住！5.业主诚心出租，好房不等人本人承诺：在带看过程中不收取任何费用，房子满意后，双方签约合同！详情扫码咨询。。。希望您是讲卫生的好租客，安静不闹的好邻居!
龙湖冠寓 精装套一 家具齐全 拎包入住 无中介短租 可领补贴,1室1厅1卫,整租,32O,南,高层 / 18层,翡翠外滩(南区),"历城小清河 - 小清河北路,近规划路",1380,无,"['电视', '空调', '热水器', '洗衣机', '冰箱', '床', '沙发', '衣柜', '暖气', '宽带', '可做饭', '阳台']",租冠寓可享济南市政府专属人才补贴！冠寓是龙湖集团推出的长租公寓品牌，致力于营造一个舒适、安全、便捷、社群、时尚的空间。打造一个以长租公寓为核心，生活服务多功能在内的多元化社区。1.房屋配套：一室一卫，20-35平，含洗衣机冰箱鞋柜空调WIFI，知名家具家电配套齐全。2.超炫公区：免费使用健身房、台球厅、影音室、会客室、公共厨房餐厅，满足多种生活需求，营造健康积极的社交场所。3.多彩社群：每月至少2次社群活动，蹦床、K歌、爬山、轰趴、狼人杀谁是卧底剧本杀、龙虾宴、音乐节、真人CS、聚餐等等，活动不断，更亲密的邻里关系，更自在的志同道合，95后运营官带你体验精彩生活。4.服务：95后年轻运营官、保安、保洁、维修齐全，24H无缝隙守护租户生活。5.交通、车位：门店位于北园街道小清河北路，公交便利，楼下就有停车场，停车方便。6.安全可靠：龙湖集团全国36所城市直营，品牌保障，冠寓有店长、运营官、龙湖物业24h无缝隙守护您的安全，且冠寓出入需要梯控、指纹识别、房间有智能密码锁、公共区域有摄像头监控，多维度保障您的的安全，让我们的每一位租户在冠寓都住的安心。7.周边配套：公寓自带自动售卖机、小电充电宝、农夫山泉、充电桩、公共洗衣机等，日常生活便捷。1公里内超市，银行等生活配套齐全8.智慧生活智能APP三重智能管理，安心舒心。自主研发“冠寓”APP，轻松实现掌上生活缴费（水电）、线上看房、智能门锁密码管理、故障报销、租约管理等智能化服务。
洪家楼印象城 花园小区精装两室双气进组2000 有钥匙可看房,2室1厅1卫,整租,65.40O,南,高层 / 6层,花园小区(三区),历城黄台南路 - 黄台南路,2000,无,"['电视', '热水器', '洗衣机', '冰箱', '床', '沙发', '衣柜', '暖气', '宽带', '可做饭', '阳台']",1.位置：洪家楼印象城繁华地段，山大路花园路黄台南路交汇处2.户型：正规两室一厅，户型方正。3.装修：精装修婚房，双气，免去您的装修劳苦。5.价格：单价低于市场价。7.交通：出门便是山大路花园路公交站牌。线路应有尽有交通便捷。
山师山艺华强省医，解放路山大路山师东路和平路，泉城广场芙蓉街,1室1厅1卫,整租,46O,南,中层 / 12层,诚基中心,历下和平路 - 和平路47号,1100,无,"['电视', '空调', '热水器', '洗衣机', '冰箱', '床', '沙发', '衣柜', '暖气', '宽带', '可做饭', '阳台']",附近标识：山师、山艺、千医、省中医、八院二、小区介绍：以精装小户型为主，电梯房，配套设施齐全，成熟商圈，文化底蕴深厚，入住多为年轻人，有朝气.三、公交直达：省杂技团18路48路75路110路123路K59路K94路；山师东路文化东路31路K93路；附近其他公交站点有山大路文化东路.和平路历山东路.文化东路西口.经十路山师东路。
汇鑫苑 3室2厅1卫 1700元月 南北通透 120平,3室2厅1卫,整租,120O,南北,低层 / 6层,汇鑫苑,济阳济阳城区 - 银河路,1700,无,"['电视', '空调', '热水器', '洗衣机', '冰箱', '床', '沙发', '衣柜', '暖气', '宽带', '可做饭', '阳台']",小区出行方便购物方便家具家电齐全拎包入住
（新）龙湖冠寓 无中介 可短租月付小清河 精装套一独卫,1室1厅1卫,整租,31O,南,高层 / 8层,华福国际,历城小清河 - 北园大街57号,1550,无,"['电视', '空调', '热水器', '洗衣机', '冰箱', '床', '沙发', '衣柜', '宽带', '可做饭', '阳台']",冠寓是龙湖集团推出的全国连锁长租公寓品牌，致力于营造一个舒适的、安全、便捷、社群、时尚的空间。房屋配套：一室一卫，20-40平，含洗衣机冰箱鞋柜空调WiFi，知名家具家电配套齐全；超炫公区：免费使用健身房、台球厅、影音室、会客室、公共厨房餐厅，满足多种生活需求；
郎茂山 双气 精装修两室一厅 家具家电齐全 南北通透拎包入住,2室2厅1卫,整租,72O,南北,中层 / 6层,郎茂山小区(四区),市中郎茂山 - 七里山西路30号,1490,无,"['电视', '空调', '热水器', '洗衣机', '冰箱', '床', '沙发', '衣柜', '暖气', '宽带', '可做饭', '阳台']",1、水费电费都是正规居民用电用水费用标准；绝无乱收费现象；好楼层；照片自己拍的；可靠真实！2、交通便利，短时间就可以步行到公交站牌！3、周边生活设施齐全，商场、超市、菜市场、银行、学校等应有尽有！4.交通便利，生活便捷！
交通学院 香港国际 重汽 匡山实验  0！中介 押一付一 短,1室0厅1卫,整租,30O,南,中层 / 10层,重汽彩世界,天桥济齐路 - 无影山中路130号,1020,无,"['电视', '空调', '热水器', '洗衣机', '冰箱', '床', '沙发', '衣柜', '暖气', '宽带', '可做饭', '阳台']",中合公寓是济南合租公寓的龙头企业，济南全市有近万套公寓，公司以服务为宗旨，给租户一个温馨的家.咱们公寓是青年合租公寓，租户都是有正当工作且作息时间正常，每一套房子有专门的管家负责后续的一切事宜本小区配套设施齐全，带空中花园，附近有银行大型超市，大润发，楼下带商业可以逛街吃饭租客要求，1工作稳定长租优先2爱惜房屋及设施3按时缴纳房租4禁止养宠物5爱干净本人是中合公寓的李正凯，主要负责市中经四万达绿地商圈，天桥堤口路，槐荫西市场商圈房子的租赁与租后服务工作。如有需要请随时联系我，我会尽力帮您找到您满意的房子，让您在济南有一个温馨的家并且会负责您房子后续的一切事宜。
无中届费！年前特价 可短租 荆山路经济学院对面 精装公寓,1室1厅1卫,整租,45O,南,中层 / 25层,学府蓝山,历下浆水泉路 - 二环东路7366号,1850,无,"['电视', '空调', '热水器', '洗衣机', '冰箱', '床', '沙发', '衣柜', '暖气', '宽带', '可做饭', '阳台']",没有中届费！房子在文旅城。家具家电齐全出租全新家具家电拎包入住。房子可以长租也可以短租。1850是长租年付的价格，短租也有优惠具体微聊，电话联系都可以。全部没有中届费！随时看房
汽车总站 无影山 翡翠郡南区一楼 大面积 独门独户 随时看房,4室1厅2卫,整租,150.00O,南北,低层 / 17层,翡翠郡(南区),天桥汽车总站 - 无影山中路41号,3000,无,"['电视', '空调', '热水器', '洗衣机', '冰箱', '床', '沙发', '衣柜', '暖气', '宽带', '可做饭', '阳台']",房源介绍1、户型：4室1厅1厨2卫2、朝向：南北，精装修装修3、面积：150平方米4、价格：3000元5、环境：房子采光好，小区环境优美，24治安管理，周围方便，购物方便。6、有需要的请和我联系，我愿意为您找个温馨的家。也许很多虚假的房子让您困扰，我的房子纯属，能为您找到一个温馨的家，一直作为我的首要任务。
华创观礼附近龙湖奥东11号 复试公寓出租家具家电齐全拎包入住,1室1厅1卫,整租,48O,南,中层 / 30层,龙湖奥东11号,高新汉峪 - 舜义路,2700,无,"['电视', '空调', '热水器', '洗衣机', '冰箱', '床', '沙发', '衣柜', '暖气', '宽带', '可做饭', '阳台']",房子出租干净整洁家具家电齐全周边设施齐全紧邻奥体中心玉兰广场银丰财富中心龙奥天街龙奥金座阳光保险阳光金融中心喜来登大酒店汉峪金谷舜泰广场浪潮集团省立医院鲁商国奥城万象城CBD力高国际金宇大厦山东省人民法院中铁国际城中铁财智中心全运村中央广场华创管理中心重汽1956万科天泰金域中心中国电信齐鲁软件园科汇大厦雨滴广场知慧大厦三庆齐盛广场银荷大厦鑫盛广场高新万达广场铭盛大厦丁豪广场山东大学科技产业园国际会展中心贤文花园海信贤文世家山钢新天地新生活家园新东方花园万达华府盛世花城未来城茗筑美嘉小鸭集团牛旺庄明湖白鹭郡明湖太学院保利华庭龙园小区中海天悦府国华印象齐鲁文化创业基地海信创智谷理想嘉园鑫苑国际雅居园中铁汇苑燕山新居草山岭小区康桥颐东东城逸家北胡小区奥林逸城汉峪新苑舜奥华府南湖花园德润天玺奥龙观邸万科麓山凤凰国际中铁逸都国际玺园东荷苑晨熙家园东城逸家逸雅园一区东城逸家逸雅园二区东城逸家逸雅园三区东城逸家逸雅园四区东城逸家逸秀园二区东城逸家逸秀园一区东城逸家逸品园东城逸家逸士园一区东城逸家逸士园四区东城逸家逸贤园一区东城逸家逸贤园二区东城逸家逸俊园一区凤凰上郡三盛国际涵玉翠岭华皓英伦联邦兴旺家园汉峪海风经十路舜华路龙奥北路奥体中路奥体西路凤凰路人工智能大厦舜义路舜华南路辰祥路天辰路解放路周边都有房源各种单间公寓整租合租给我一分信任还您十分温暖让您拥有一个温暖的小家在这个漂泊的城市不再漂泊
世购对面 一室一厅 拎包入住 电梯房 期待您的入住,1室1厅1卫,整租,33O,北,低层 / 22层,实力伴云居,"槐荫经十西路 - 经十路,近腊山北路",1200,无,"['电视', '空调', '热水器', '洗衣机', '冰箱', '床', '沙发', '衣柜', '暖气', '可做饭', '阳台']",小区介绍：环境舒适宜人封闭式花园小区小区内有超市，周边有明星菜市场和腊山农贸市场房源介绍：房屋家具家电设施齐全采光好，全明户型附近有81路109路78路96路202路等多路公交车出门交通便利，地铁口就在小区对面，小区内有地上地下停车位
特价一室一厅，可短租可月付，押一付一，山师山艺华强省医，诚基,1室1厅1卫,整租,52O,南,高层 / 9层,诚基中心,历下和平路 - 和平路47号,1500,无,"['电视', '空调', '热水器', '洗衣机', '冰箱', '床', '沙发', '衣柜', '暖气', '宽带', '可做饭', '阳台']",附近标识：山师、山艺、千医、省中医、八院二、小区介绍：以精装小户型为主，电梯房，配套设施齐全，成熟商圈，文化底蕴深厚，入住多为年轻人，有朝气.三、公交直达：省杂技团18路48路75路110路123路K59路K94路；山师东路文化东路31路K93路；附近其他公交站点有山大路文化东路.和平路历山东路.文化东路西口.经十路山师东路。
辛祝路 祝甸路 祝甸东方花园旁 辛甸北路 东方综合市场旁,2室1厅1卫,整租,70O,南北,低层 / 6层,祝甸小区,历城祝甸 - 祝甸路,2099,距离地铁R3号线花园东路站1838米,"['电视', '空调', '热水器', '洗衣机', '冰箱', '床', '沙发', '衣柜', '暖气', '宽带', '可做饭', '阳台']",1.租金便宜：业主人很随和，很好说话，只要租户稳定，基本是没什么问题的；2.房屋介绍：房子户型正气，南朝向，采光跟通风都是没得挑，阳光很充足，原是业主自住的装修，带成套家具家电，可以拎包入住；3.随时看房：您只需提前跟我电话预约，即可免费带您去看房；户型：精装装修情况：户型正气，阳光超好，非常干净，空调、热水器、床、洗衣机、冰箱、电视，都有的。4具体的装修情况可看实拍照片温馨提醒：正规的中介机构均为免费看房，如签合同须签约本人同时出示与出租地址相符的房产证，交钱时应索取相应收据。5带客户看的每一套房子都是本人提前去看过的房子，对客户负责，用诚挚的服务，帮每一个客户找到自己满意的房子！不是你没有遇到合适的房子，而是没有遇到为你们全力以赴的房产经纪人，选择我――点击我的头像，进入我的店铺，更多房源已为你准备好。
实图实价无中介！工业南路绿地IFC中央公馆伴山居 万象城,3室2厅1卫,整租,120O,南北,中层 / 27层,绿地IFC中央公馆,"历下康虹路 - 工业南路,近丁家庄南路",3499,距离地铁R3号线丁家庄站635米,"['电视', '空调', '热水器', '洗衣机', '冰箱', '床', '沙发', '衣柜', '暖气', '宽带', '可做饭', '阳台']",1.无中介，个人房源，地理位置好2.实图实价，全新家具家电，拎包入住3.押一付一押一付三，半年付，年付都可以，多付优惠4.好房不多，有需要请电话联系
时代广场 新出可做饭空房 省妇幼对面 万象城附近 拎包入住,1室0厅1卫,整租,40O,西,低层 / 20层,卓越时代广场,历下浆水泉路 - 浆水泉路16号,1550,无,"['空调', '热水器', '洗衣机', '冰箱', '床', '衣柜', '暖气', '宽带', '可做饭']",押一付三配套齐全精装修房源描述告别脏乱的老房子，为你在济南找到一个家一、中合公寓优势介绍专业的公寓管理人员，支持月付、季付。新房，实拍图，精装修，真正体现拎包入住；追求精致小资生活的人群。中合公寓的标准配置：全新家具家电：双人床，衣柜，电脑桌，空调，洗衣机，热水器；主卧次卧，根据个人需求来选择。安全温馨--每周两次保洁；专业的后勤团队；保安巡逻，凭门禁卡出入小区。都有钥匙随时看房，省时省力。二、房屋介绍此房位于燕山银座旁边燕山立交桥附近，交通便利，周边有BRT等多路公交车经过；距离燕山立交桥，艾玛妇科二环东路燕山银座都很近；出行便利，周边配套齐全。三、我们的房源有很多，价位有所不同，您只需打进电话说出您的需求，我会尽快给您匹配房源，带您看的不只是这一间，打造您的专属私人空间，先到先得！四、租客要求作息规律、入住即静爱惜房屋及附属设施按时缴纳租金本公司拥有专业的公寓管家团队，欢迎各位业主委托出租房源、空置房产，专业“房屋托管”让您放心、省心、安心。中合公寓--竭诚为您服务！
可短租！文化东路创展中心华强广场 山大路238号 中间楼层,2室1厅1卫,整租,63O,南,中层 / 6层,吉美乐小区,历下文化东路 - 山大路238号,1999,无,"['电视', '空调', '热水器', '洗衣机', '冰箱', '床', '沙发', '衣柜', '暖气', '宽带', '可做饭', '阳台']","1、高性价比付款方式灵活、季付、半年付、大程度方便住户，减轻租客压力2、白金地段，地铁口快捷交通。饭店、药店、水果店、各色小吃、便利店、足疗、美容美发、网吧、茶社、菜场等小型生活配套楼下醇熟配套，十分便利3、拎包入住房间均配置了大床、写字桌椅、温馨衣柜、洗衣机、24天然气热水，一应俱全，做到了真正的全装修拎包入住标准。4、配备齐全主卧：带独立卫生间，全新家具，床衣柜电脑桌家电：电视、洗衣机、厨房5、看房自由本房源真实存在，您只需要一个电话,即可带您看房,精装修,6.可入住时间：随时入"
和平路，燕子山路，甸柳新村五区，两室朝阳，精装双气，拎包入住,2室1厅1卫,整租,70.00O,南,高层 / 6层,甸柳新村(五区),历下甸柳 - 和平路,2000,无,"['电视', '空调', '热水器', '洗衣机', '冰箱', '床', '沙发', '衣柜', '暖气', '宽带', '可做饭', '阳台']",1、双气，三线，家具家电齐全，装修还行，简单干净，照片真实，2、两室朝阳，南北通透，全明户型，位置好，交通生活方便。3、家具家电：空调，床，衣橱，桌椅，灶具，热水器，沙发，茶几，桌椅，等等，独立餐厅，冰箱，洗衣机4、不要错过，随时看房，拎包入住！
实拍！两室隔开，紧邻高新万达，民用电，精装修，拎包入住,2室1厅1卫,整租,85O,南,高层 / 22层,凤凰SOHO,高新国际会展中心 - 凤凰路,1800,无,"['电视', '空调', '热水器', '洗衣机', '冰箱', '床', '沙发', '衣柜', '暖气', '宽带', '可做饭', '阳台']",精装单间会展中心齐鲁软件园万达拎包入住，小区环境优雅，物业正规，管理严格，适宜居住，设施齐全，全套家具家电，拎包即可入住！1、位置优越：小区周边商铺众多；紧邻国际会展中心万达广场银座华润万家丁豪广场美莲广场，购物方便。2、交通便利：地处工业南路主干道两侧周边，路过公交车多条线路包括：138、63、10、47、99、122、308、311、318、319、321、322、K160、K162、K163、150、503、40、K166、87等，出行方便。4、上班方便：紧邻齐鲁软件园丁豪广场国际会展中心银河大厦三庆财富中铁财智省立东院舜泰广场浪潮集团美莲广场留学人员创业园大学科技园奥盛大厦5、配套设施齐全包括：床、大衣柜、电脑桌、椅子、鞋架、衣架、冰箱、空调、全自动洗衣机、热水器等
新出精装复式三室两厅可长短租押一付一落地飘窗采光好双气华强,3室2厅2卫,整租,135O,南北,高层 / 9层,诚基中心,历下和平路 - 和平路47号,2800,无,"['电视', '空调', '热水器', '洗衣机', '冰箱', '床', '沙发', '衣柜', '暖气', '宽带', '可做饭', '阳台']",租房子～选万城服务宗旨：一次服务终身服务，您身边永远的好邻居！万城诚基专家：闫山办公地点：和平路诚基中心一期22号楼（现3号楼）西南角万城地产房源介绍：1.双气房，落地大飘窗，采光。家具家电齐全拎包即住。2.房型有整租，单间，一室，两室，三室，各类房型。3.房子租期灵活，看房有钥匙，随时看房，本店主营：1.专注租赁托管包租精装豪装整租一室两室三室四室，复式合租月租日租。2.我们，只要你有需求，就有需求的房源。不吃差-价透-明交-易，跟房东面对面签合同。交接房屋，服务到家！区位优势：1.济南中心位置，和平路山师东路历山路泺源大街，位置优越。山师购物奥特莱斯新闻大厦山师附小，解一小，步行即可到达泉城广场、趵突泉、泉城路、大明湖等景点；2.交通便利、2、31、49、70、79、80、93、，BRT2.3，各路公交车均有！诚基中心，万豪国际，世茂恒隆，宽厚里，芙蓉街，家乐福、大润发！世贸！中心医院，华强科技市场！颐正大厦！奥斯卡！泺源大街！爱上菲比！罗密欧！历东花园！恒大帝景！中L国熙台！十亩园！棋盘小区！燕山小区！中润世纪广场！时代广场！盒子！
靠近外国语安置一区两室中间楼层精装修价格便宜,2室2厅1卫,整租,60O,南,中层 / 33层,华山安置一区,历城将军路 - 将军路,1200,无,"['热水器', '可做饭', '阳台']",户型：两室两厅一卫面积：60平装修了，真实价格，诚意出租、可再配置点东西，户型图乱配置的，就是一套两室的房子
整租分租均万象城万达广场各大CBD附近精装修交通方便拎包入住,3室2厅1卫,整租,110O,南,低层 / 30层,丁家嵘汇花园,历下解放东路 - 奥体西路,3100,距离地铁R3号线丁家庄站487米,"['电视', '空调', '热水器', '洗衣机', '冰箱', '床', '沙发', '衣柜', '暖气', '宽带', '可做饭', '阳台']",一、房屋配置1、房间标配：（单人/双人床）+加棕床垫、木衣柜，木地板、电脑桌、凳子、窗帘，高速宽带，个别单间有空调。2、公用设施全自动洗衣机，24热水器有花洒可洗澡。个别户型有厨房3、水电市价，水4.2一方，电0.55一度二、周边生活环境小区均为大型社区，有连锁超市，菜场便利店，餐馆，生活很方便。三、房间类型1、隔断间300元-700元，虽然个头小，但是配置不输实体房，家具齐全，住的方便！2、实体次卧700元―850元，全配精装修的！3、实体主卧850元―1200元，有宽敞的阳台四、卫生状况房间走廊、公用卫生间有保洁定期打扫。五，无中介费。无中介费，无中介费。无任何中介费
广播电视局宿舍 5室2厅3卫 8800元月 电梯精装修！,5室2厅3卫,整租,198O,南北,高层 / 6层,济南市广播电视局宿舍,市中市中周边 - 七里山路26号,8800,无,"['电视', '空调', '热水器', '洗衣机', '冰箱', '床', '沙发', '衣柜', '暖气', '宽带', '可做饭', '阳台']",！！！！房子自带200O大露台！！！！1、房子精装修，家具家电齐全，直接可以拎包入住，随时看房！2、小区绿化好，环境优美，居住舒适，出行也方便，出门就有公交车，直达火车站汽车站等交通便利。3、小区周围有超市、药店、面馆，美容美发应有尽有，生活购物便利。5、房东诚意出租，我们竭诚为您服务，帮您找到称心如意的房子，24*开机欢迎来电看房。6，房源亮点配套齐全精装，南北通透采光好，客厅宽敞7，格局利用率高，客厅方正好用，厨房空间大8，环境舒适，人文素质高，物业管理完善，绿化高，空气好提示：如您不满意，可给您提供寻找满足您需求的房子
龙湖冠寓 开业钜惠 精装套一 家具齐全 拎包入住 无中介短租,1室0厅1卫,整租,30O,南,中层 / 12层,路劲东城(商住楼),历城全福 - 二环东路,1480,无,"['电视', '空调', '热水器', '洗衣机', '床', '沙发', '衣柜', '暖气', '宽带', '可做饭', '阳台']",租冠寓可享济南市政府专属人才补贴！冠寓是龙湖集团推出的长租公寓品牌，致力于营造一个舒适、安全、便捷、社群、时尚的空间。打造一个以长租公寓为核心，生活服务多功能在内的多元化社区。1.房屋配套：一室一卫，20-35平，含洗衣机冰箱鞋柜空调WIFI，知名家具家电配套齐全。2.超炫公区：免费使用健身房、台球厅、影音室、会客室、公共厨房餐厅，满足多种生活需求，营造健康积极的社交场所。3.多彩社群：每月至少2次社群活动，蹦床、K歌、爬山、轰趴、狼人杀谁是卧底剧本杀、龙虾宴、音乐节、真人CS、聚餐等等，活动不断，更亲密的邻里关系，更自在的志同道合，95后运营官带你体验精彩生活。4.服务：95后年轻运营官、保安、保洁、维修齐全，24H无缝隙守护租户生活。5.交通、车位：门店位于北园街道小清河北路，公交便利，楼下就有停车场，停车方便。6.安全可靠：龙湖集团全国36所城市直营，品牌保障，冠寓有店长、运营官、龙湖物业24h无缝隙守护您的安全，且冠寓出入需要梯控、指纹识别、房间有智能密码锁、公共区域有摄像头监控，多维度保障您的的安全，让我们的每一位租户在冠寓都住的安心。7.周边配套：公寓自带自动售卖机、小电充电宝、农夫山泉、充电桩、公共洗衣机等，日常生活便捷。1公里内超市，银行等生活配套齐全8.智慧生活智能APP三重智能管理，安心舒心。自主研发“冠寓”APP，轻松实现掌上生活缴费（水电）、线上看房、智能门锁密码管理、故障报销、租约管理等智能化服务。
保利中心  万盛园 发祥巷省立医院 绿地新城鑫苑城市之家,1室1厅1卫,整租,41.8O,北,中层 / 25层,保利中心,槐荫西市场 - 经一路333号,1999,无,"['电视', '空调', '热水器', '洗衣机', '冰箱', '床', '沙发', '衣柜', '暖气', '宽带', '可做饭', '阳台']",爱租就租的房社会不良分子、孕妇、带小孩的、养宠物的，有不良嗜好的我一律不租，因为我这里的租客都是高素质的年轻人，毕竟谁也不想自己的家乱七不糟，自己居住的地方吵吵闹闹，我力所能及的就是让我的房客住的安全舒适，谢谢合作！（相遇是即是缘分另有其他小区其他房型供您选择，期待您的来电，祝生活愉快！）1、也许你刚毕业，离开宿舍告别室友，徘徊在人生的十字路口。2、让在大城市漂泊的您住进一个幸福的“家”，给您够得着的幸福！入住起将配有专业维修售后团队，免去您的生活烦恼，周末尽情嗨!
近建筑大学 精装修 南北通透 两室 2400元月,2室2厅1卫,整租,94O,南北,低层 / 33层,恒生伴山,历城建筑大学 - 经十东路2299号,2400,无,"['电视', '空调', '热水器', '洗衣机', '冰箱', '床', '沙发', '衣柜', '暖气', '宽带', '可做饭', '阳台']",1.房子在建筑大学南边，临近经十路。2.周围配套丰富，出行方便。3.多路公交车直达舜泰广场，汉峪金谷。
龙湖冠寓 精装套一 家具齐全 拎包入住 月租月付 无中介急租,1室1厅1卫,整租,28O,南,高层 / 16层,滨河商务中心,天桥黄台 - 小清河北路,1385,无,"['电视', '空调', '热水器', '床', '沙发', '衣柜', '暖气', '宽带', '可做饭', '阳台']",租冠寓可享济南市政府专属人才补贴！冠寓是龙湖集团推出的长租公寓品牌，致力于营造一个舒适、安全、便捷、社群、时尚的空间。打造一个以长租公寓为核心，生活服务多功能在内的多元化社区。1.房屋配套：一室一卫，20-35平，含洗衣机冰箱鞋柜空调WIFI，知名家具家电配套齐全。2.超炫公区：免费使用健身房、台球厅、影音室、会客室、公共厨房餐厅，满足多种生活需求，营造健康积极的社交场所。3.多彩社群：每月至少2次社群活动，蹦床、K歌、爬山、轰趴、狼人杀谁是卧底剧本杀、龙虾宴、音乐节、真人CS、聚餐等等，活动不断，更亲密的邻里关系，更自在的志同道合，95后运营官带你体验精彩生活。4.服务：95后年轻运营官、保安、保洁、维修齐全，24H无缝隙守护租户生活。5.交通、车位：门店位于北园街道小清河北路，公交便利，楼下就有停车场，停车方便。6.安全可靠：龙湖集团全国36所城市直营，品牌保障，冠寓有店长、运营官、龙湖物业24h无缝隙守护您的安全，且冠寓出入需要梯控、指纹识别、房间有智能密码锁、公共区域有摄像头监控，多维度保障您的的安全，让我们的每一位租户在冠寓都住的安心。7.周边配套：公寓自带自动售卖机、小电充电宝、农夫山泉、充电桩、公共洗衣机等，日常生活便捷。1公里内超市，银行等生活配套齐全8.智慧生活智能APP三重智能管理，安心舒心。自主研发“冠寓”APP，轻松实现掌上生活缴费（水电）、线上看房、智能门锁密码管理、故障报销、租约管理等智能化服务。
可短租 东关大街 大明湖 宽厚里 历山路 山大南路 老东门,2室1厅1卫,整租,60O,南,高层 / 6层,长盛小区,历下老东门 - 东关大街38号,1600,无,"['电视', '空调', '热水器', '洗衣机', '冰箱', '床', '沙发', '衣柜', '暖气', '宽带', '可做饭', '阳台']","1、配套齐全,交通便利随时看房、所有房间均为真实照片。2、户型优势:南北通透采光极好楼层低上下楼方便。3、室内配套:精装修，冬天有暖气。4、室外介绍小区绿化很好,环境优雅空气清新,住户素质高,小区内有多处停车位停车方便。5、交通:周边多路公交,乘车、打车方便。6、社区配套:医院、便利店就在附近生活方便。"
新馨家园 化纤厂路 华龙路 康虹路 畅然居旁 凯旋公馆旁,2室1厅1卫,整租,85O,南北,高层 / 6层,三庆新馨家园,历下康虹路 - 化纤厂路6号,1799,距离地铁R3号线花园东路站1677米,"['电视', '空调', '热水器', '洗衣机', '冰箱', '床', '沙发', '衣柜', '暖气', '宽带', '可做饭', '阳台']",1.租金便宜：业主人很随和，很好说话，只要租户稳定，基本是没什么问题的；2.房屋介绍：房子户型正气，南朝向，采光跟通风都是没得挑，阳光很充足，原是业主自住的装修，带成套家具家电，可以拎包入住；3.随时看房：您只需提前跟我电话预约，即可免费带您去看房；户型：精装装修情况：户型正气，阳光超好，非常干净，空调、热水器、床、洗衣机、冰箱、电视，都有的。4具体的装修情况可看实拍照片温馨提醒：正规的中介机构均为免费看房，如签合同须签约本人同时出示与出租地址相符的房产证，交钱时应索取相应收据。5带客户看的每一套房子都是本人提前去看过的房子，对客户负责，用诚挚的服务，帮每一个客户找到自己满意的房子！不是你没有遇到合适的房子，而是没有遇到为你们全力以赴的房产经纪人，选择我――点击我的头像，进入我的店铺，更多房源已为你准备好。
无中介f拎包入住洪家楼印象城山东大学彼岸新都海蔚广场家电齐全,1室1厅1卫,整租,50O,南,高层 / 12层,广厦聚隆广场(商住楼),历城洪家楼 - 洪家楼南路1号,2300,无,"['电视', '空调', '热水器', '洗衣机', '冰箱', '床', '沙发', '衣柜', '暖气', '宽带', '可做饭', '阳台']",九万间优选公寓：想必你看到了很多我的房源，依旧是我，只做租赁的小nie从业10年，做了10年的租赁。就在洪家楼，就做这5个小区。聚隆广场【目前主要做聚隆，你看到的价格低的基本都是虚假房源，聚隆现在市场价2300以上】，海蔚广场，福润康城，彼岸新都，爱特公寓。这10年没有卖过一套房子，专注租赁租房找我不忽悠，有就是有，没有不发虚假。有人说你们发布的都是虚假房源，对于只做高端租赁的我而言没有任何意义，我的房源本身质量就不错，没必要在用虚假房源掩盖。下面图片就是这样，一模一样，不做过多描述，好坏看得见，如果喜欢。直接电联，只要你能看到房子一定有，我基本不是看房子就是在看房子的路上，所以你发信息给我我不知道什么时间能够回复你，我不想失去来之不易的客户，所以直接联系我。给你想要的，给你需要的。不浪费双方时间
可短租！山大洪楼校区七里堡环联 洪苑小区 干净整洁 便宜出,2室1厅1卫,整租,58O,南,高层 / 6层,洪苑小区,历城花园路历城段 - 花园路,1099,无,"['电视', '空调', '热水器', '洗衣机', '冰箱', '床', '沙发', '衣柜', '暖气', '宽带', '可做饭', '阳台']","1、高性价比付款方式灵活、季付、半年付、大程度方便住户，减轻租客压力2、白金地段，地铁口快捷交通。饭店、药店、水果店、各色小吃、便利店、足疗、美容美发、网吧、茶社、菜场等小型生活配套楼下醇熟配套，十分便利3、拎包入住房间均配置了大床、写字桌椅、温馨衣柜、洗衣机、24天然气热水，一应俱全，做到了真正的全装修拎包入住标准。4、配备齐全主卧：带独立卫生间，全新家具，床衣柜电脑桌家电：电视、洗衣机、厨房5、看房自由本房源真实存在，您只需要一个电话,即可带您看房,精装修,6.可入住时间：随时入"
个人 花园路 印象城悦立方 南向大阳台 有厨房 月付实拍,1室0厅1卫,整租,33O,南,低层 / 33层,隆悦花园,历城洪家楼 - 花园路130号,899,无,"['电视', '空调', '热水器', '洗衣机', '冰箱', '床', '沙发', '衣柜', '暖气', '宽带', '可做饭', '阳台']",1）月付您只需缴纳一个月租金和一个月押金即可入住。2）无・中・介・费、服・务・费！除您按月缴纳的房租及必须支付的煤水电暖费外，无其他任何费用支出。3）全新家具家电公寓所使用家具为全新宜家家具，家电也为全新品牌家电。4）全新现代装修及配备所有公寓均由专业设计师全程监管进行新装，采用无毒环保材料保证了入住安全。配备高品质床品，多点光源灯具，加长接线插板等。5）免费WiFi！高速WiFi，看片下载无压力！省下不少宽带费！6）不定时免费保洁，不定时会有公司保洁人员上门对公共区域进行清洁服务，为住户提供了整洁舒适的公共环境。所以，我们为您提供的不仅是一间房，更是一个家！合同权责分明，品牌保证，言出必行！济南全城乐派公寓，是你贴心的住房管家！7.山大路花园路山大北路山大南路二环东路都有房子可随时看房
可月付短租 药谷水发东八区 奥特莱斯 世纪大道 精装拎包入住,1室0厅1卫,整租,45O,南北,中层 / 22层,唐城小区,历城唐冶 - 机场路,820,无,"['电视', '空调', '热水器', '洗衣机', '冰箱', '床', '沙发', '衣柜', '暖气', '宽带', '可做饭', '阳台']",房屋推荐特点：1、户型特点：中高层、户型方正、采光视野好，适宜居住。2、室内精装修，拎包入住，宽敞大方，使用率高；卧室温馨舒适，搭配心怡，厨房设施齐全。3、环境优雅，低密度社区，小区绿化率高，让你每天生活在空气清新的环境下。4、小区地理位置好，位于商业圈，交通便利，出小区就是站牌，小区周边配套设施齐全，银行、超市、菜市、学校、医院、商务会所，应有尽有。小区环境幽雅，绿化面积大，家里家室家电齐全，可带衣物直接入住！看房方便，提前预约！
长清湖乐园37号 两室两厅  精装拎包入住  1700,2室2厅1卫,整租,88O,南北,中层 / 33层,中建长清湖,"长清长清湖 - 芙蓉路,近海棠路",1700,距离地铁R1号线创新谷站993米,"['电视', '空调', '热水器', '洗衣机', '冰箱', '床', '沙发', '衣柜', '可做饭', '阳台']",1.中建长清湖的房子是成熟型的小区。小区吧整体还不错。2.租赁生活成本低，物业费是1.8元/平方.3.此小区周边靠近大学，还有商业配套全，需求量大，租赁房源流通速度快，所以建议提前开始找房，希望找到您称心如意的房子。4.本小区有从10几平的单身公寓，各种面积需求，各种户型需求应有尽有，但是记住本小区需求量大，大，价格高，高，所以提前规划您的用房，有时候不一定有适合您的房子！
草山岭近邻舜泰广场奥体万科浪潮干净卫生拎包入住,2室1厅1卫,整租,136O,南,中层 / 28层,草山岭西区,高新汉峪 - 经十路,3200,无,"['电视', '空调', '热水器', '洗衣机', '冰箱', '床', '沙发', '衣柜', '暖气', '宽带', '可做饭', '阳台']",一、【低价方便】1、水费电费都是正规居民用电用水费用标准；绝无乱收费现象；2、交通便利，短时间就可以步行到公交站牌；二、【周边环境】居家环境成熟，生活配套设施完善，紧邻汉峪金谷舜泰广场三、【物业安全】知名物业公司进行物业管理，安全规范！实拍照片！随时看房拎包入住！
精装复式公寓，紧邻汉峪金谷龙奥天街齐鲁软件园真实图片随时看房,1室1厅1卫,整租,50O,南北,低层 / 88层,龙湖奥东11号,高新汉峪 - 舜义路,2500,无,"['电视', '空调', '热水器', '洗衣机', '冰箱', '床', '沙发', '衣柜', '暖气', '宽带', '可做饭', '阳台']",房子优势：1、房子格局很好，公寓，户型方正、采光超棒、独立卫浴厨房，拎包入住！2、房子位置很好，设施完善，紧邻汉峪金谷、龙奥天街、齐鲁软件园出门就有公交站和大型商场、各大银行。3、房子处于中高层，前面无遮挡，视野和采光都非常好，居家好选择。4、看房非常方便，提前一个电话就等候您的到来。
华福维嘉公寓55平 实图实价紧邻洪家楼印象城路劲东城押一付一,1室1厅1卫,整租,55O,南,中层 / 30层,华福维嘉公寓,历城洪家楼 - 北园大街,1899,无,"['电视', '空调', '热水器', '洗衣机', '冰箱', '床', '沙发', '衣柜', '暖气', '宽带', '可做饭', '阳台']",1.品牌直营华福维嘉公寓，专业安保服务，全天候门禁管理！2.在这里没有房东的打扰，没有合租的烦恼，专属厨卫空间，品牌家电，选材低碳环保！3.公寓内配备全新的大床.床垫.空调.冰箱.洗衣机.吸油烟机.热水器.浴霸.茶几.衣橱.靠椅.书桌.吊床.品牌家具，质享生活！4.室内外环境卫生干净整洁，配有电梯！朝向好采光全面，拎包入住，免费看房！5.周围银座商城奥斯卡万达广场洪楼广场印象城海蔚广场广厦聚隆广场隆悦花园洪楼教堂路劲东城东兴寓城七里堡花园小区板桥东苑鹊华天禧冉燎家园路劲东城奥斯卡.全方面满足您的衣食住行！6.周边环境舒适配套齐全紧邻医院，BRT车站，出门100米就是主路打车方便，交通出行方便！7.房子24专业物业管理安全放心、楼层有专人清洁、保洁阿姨是我们公共卫生区域的女神，没有之一！8.温馨提示:租房流失很快，1-2天有效期，来电如果房源已租请不必灰心！9.我专做租房可提供其他在租的多套，只要将您的找房需求告诉我！10.一定帮您找到合适您的房子！一定帮您找到合适您的房子！！一定帮您找到合适您的房子！！
荣盛锦绣澜湾 月租3000带车位，精装修全套家具家电 拎包住,3室2厅2卫,整租,107O,南北,低层 / 34层,荣盛锦绣澜湾,"历城全福 - 小清河南路,近将军路",3000,无,"['电视', '空调', '热水器', '洗衣机', '冰箱', '床', '沙发', '衣柜', '暖气', '宽带', '可做饭', '阳台']",1、小区位置：全福立交桥西北角，荣盛锦绣澜湾。2、小区环境：环境优美，绿化率高，安全系数高，物业负责任，管理规范，特别适合居住。3、户型：107平，南北通透，采光充足。4、装修：简单装修，简单家电齐全。5、周边环境：小区周围，银行、菜市场、各种小吃餐馆，娱乐场所等生活设施一应俱全，休闲购物吃饭非常方便，满足您的各种生活需求！6、配套设施：医院：山大二院。交通：出门就是公交站牌，多路公交，交通便利，方便出行，解决您上下班的忧虑学校：大地幼儿园、历城六中（小/中高）学。银行：齐鲁银行、农业银行、建设银行、青岛银行超市：华联超市、七里堡水果蔬菜市场、维尔康海鲜市场、黄台茶叶市场、大润发
山大路 中心校区旁 山大南路 利农花园旁 数码港 华强广场,2室1厅1卫,整租,70O,南北,中层 / 6层,山大南路123号院,历下解放桥 - 山大南路123号,2099,无,"['电视', '空调', '热水器', '洗衣机', '冰箱', '床', '沙发', '衣柜', '暖气', '宽带', '可做饭', '阳台']",1.租金便宜：业主人很随和，很好说话，只要租户稳定，基本是没什么问题的；2.房屋介绍：房子户型正气，南朝向，采光跟通风都是没得挑，阳光很充足，原是业主自住的装修，带成套家具家电，可以拎包入住；3.随时看房：您只需提前跟我电话预约，即可免费带您去看房；户型：精装装修情况：户型正气，阳光超好，非常干净，空调、热水器、床、洗衣机、冰箱、电视，都有的。4具体的装修情况可看实拍照片温馨提醒：正规的中介机构均为免费看房，如签合同须签约本人同时出示与出租地址相符的房产证，交钱时应索取相应收据。5带客户看的每一套房子都是本人提前去看过的房子，对客户负责，用诚挚的服务，帮每一个客户找到自己满意的房子！不是你没有遇到合适的房子，而是没有遇到为你们全力以赴的房产经纪人，选择我――点击我的头像，进入我的店铺，更多房源已为你准备好。
景苑小区 三室两卫 家具家电齐全 拎包入住,3室2厅2卫,整租,124O,南北,中层 / 11层,景苑小区,高新经十路高新段 - 经十路,2100,无,"['空调', '热水器', '洗衣机', '冰箱', '床', '沙发', '衣柜', '暖气', '宽带', '可做饭', '阳台']",高新区武警总队单位宿舍设施齐全电梯房双气三线齐全精装床衣橱电脑桌沙发茶几空调冰箱洗衣机热水器油烟机炉灶等小区位于经十东路与水华路，汉峪金谷舜泰广场东，近齐全软件园、美莲广场、奥盛大厦、银河大厦、万达文旅城、银座汽车等高新区乘坐115116136直达水华路站下车即是实拍图片有钥匙随时看房随时入住
诺德名城 精装三室 家具家电齐全 拎包入住 好楼层 有钥匙,3室2厅1卫,整租,90O,南北,中层 / 31层,诺德名城,章丘明水 - 世纪大道,1600,无,"['电视', '空调', '热水器', '洗衣机', '冰箱', '床', '沙发', '衣柜', '暖气', '可做饭', '阳台']",诺德名城精装三室家具家电齐全拎包入住好楼层看房有钥匙
汉峪金谷周边精装三室，拎包入住，家具家电齐全，年前租房不抗价,3室2厅2卫,整租,130O,南北,低层 / 16层,汉峪金谷金寓,"高新汉峪 - 龙奥北路,近舜华南路",2500,无,"['电视', '空调', '热水器', '洗衣机', '冰箱', '床', '沙发', '衣柜', '暖气', '宽带', '可做饭', '阳台']",入住前深度保洁，做到拎包就能入住家具家电及时上门维修，随时可预约中途退租可以自行转租，减少违约损失地铁、公交公共交通便捷无忧…随便去哪儿周边各大商超、美食环绕其中，生活设施便利，吃喝玩乐，应有尽有
新出~七里河附近3室~精装电梯房~随时看房入住~真实再租,3室2厅1卫,整租,122O,南北,低层 / 18层,锦绣泉城,历城华龙路 - 华龙路999号,3500,无,"['电视', '空调', '热水器', '洗衣机', '冰箱', '床', '沙发', '衣柜', '暖气', '宽带', '可做饭', '阳台']",房源描述：秒杀理由1：地理位置，交通便利2：低楼层，标准三室两厅，卧室朝阳，采光好，视野好，透气性很好4、配套：家具家电齐全。南北通透，室内精装修，全套家具家电，空调，电视，热水器，冰箱，洗衣机，厨具，三张大床，沙发，茶几，写字桌。秒杀理由3超低的价格，超好的户型，超便利的地方第一：周边配套设施学校、医院、银行、公园、餐饮、娱乐、菜市场、超市、商场等设施齐全第二：公交十分方便，出行方便，上下班更方便。第三：周围商店，购物方便，节省您的宝贵时间。
近汉峪金谷 舜泰广场 2900 精装修 拎包入住 家具齐全,3室2厅1卫,整租,98O,南北,低层 / 29层,金域华府,历下经十路历下段 - 兴港路8号,2900,无,"['电视', '空调', '热水器', '洗衣机', '冰箱', '床', '沙发', '衣柜', '暖气', '宽带', '可做饭', '阳台']",1.靠近汉峪金谷和舜泰广场，离建筑大学也挺近的。2.房子是精装修，3-2-1的户型，可做饭。3.周围交通便利，出行方便。
请注意！！新出租精装修建筑大学建大花园2室一厅采光好真实图片,2室2厅1卫,整租,98O,南,高层 / 6层,建大花园,历城建筑大学 - 凤歧路2888号,2600,无,"['电视', '空调', '热水器', '洗衣机', '冰箱', '床', '沙发', '衣柜', '暖气', '宽带', '可做饭', '阳台']",.靠近汉峪金谷、舜泰广场、重汽科技大厦，适合上班人员。2.交通线路519、116、k73、119、k145、k169、901等各路公交线路经过。7.周边配套周边设有丰富的配套设施，汉峪金谷集市，奥体中心，龙奥大厦，龙奥天街，龙奥九号，喜来登大酒店，浪潮，银座，银行，医院，学校，娱乐场所一应俱全，充分满足你的生活所需！
七里堡小区 2室1厅1卫1799每月洪楼广场鑫达小区东兴寓城,2室2厅1卫,整租,70O,南,高层 / 6层,七里堡小区,历城七里堡 - 二环东路1728号,1799,无,"['电视', '空调', '热水器', '洗衣机', '冰箱', '床', '沙发', '衣柜', '暖气', '宽带', '可做饭', '阳台']",【格局】2室1厅1卫，采光好，视野无遮挡。【装修】家电家具齐全，房子居家精装，保养全新【图片为本房图片】【看房】24随时。
乐天小区，南北通透，价格优惠，交通方便,3室2厅2卫,整租,120O,南北,中层 / 6层,乐天小区(三区),长清恒大绿洲 - 大学路958号,1250,无,"['洗衣机', '暖气', '阳台']",南北通透，紧邻小学幼儿园，中学，楼下集市，楼层好，附近有富群超市，华联超市。
龙湖冠寓 开业钜惠 精装套一 家具齐全 拎包入住 无中介短租,1室1厅1卫,整租,32O,南,高层 / 18层,恒大滨河左岸朗润园,天桥历山北路 - 水屯路,1580,无,"['电视', '空调', '热水器', '洗衣机', '冰箱', '床', '沙发', '衣柜', '暖气', '宽带', '可做饭', '阳台']",租冠寓可享济南市政府专属人才补贴！冠寓是龙湖集团推出的长租公寓品牌，致力于营造一个舒适、安全、便捷、社群、时尚的空间。打造一个以长租公寓为核心，生活服务多功能在内的多元化社区。1.房屋配套：一室一卫，20-35平，含洗衣机冰箱鞋柜空调WIFI，知名家具家电配套齐全。2.超炫公区：免费使用健身房、台球厅、影音室、会客室、公共厨房餐厅，满足多种生活需求，营造健康积极的社交场所。3.多彩社群：每月至少2次社群活动，蹦床、K歌、爬山、轰趴、狼人杀谁是卧底剧本杀、龙虾宴、音乐节、真人CS、聚餐等等，活动不断，更亲密的邻里关系，更自在的志同道合，95后运营官带你体验精彩生活。4.服务：95后年轻运营官、保安、保洁、维修齐全，24H无缝隙守护租户生活。5.交通、车位：门店位于北园街道小清河北路，公交便利，楼下就有停车场，停车方便。6.安全可靠：龙湖集团全国36所城市直营，品牌保障，冠寓有店长、运营官、龙湖物业24h无缝隙守护您的安全，且冠寓出入需要梯控、指纹识别、房间有智能密码锁、公共区域有摄像头监控，多维度保障您的的安全，让我们的每一位租户在冠寓都住的安心。7.周边配套：公寓自带自动售卖机、小电充电宝、农夫山泉、充电桩、公共洗衣机等，日常生活便捷。1公里内超市，银行等生活配套齐全8.智慧生活智能APP三重智能管理，安心舒心。自主研发“冠寓”APP，轻松实现掌上生活缴费（水电）、线上看房、智能门锁密码管理、故障报销、租约管理等智能化服务。
豪华社区 300W精装四室 拎包入住 奢华品质 近千佛山,4室2厅2卫,整租,252O,南北,低层 / 11层,开元府,历下环山路 - 燕子山西路50号,19999,无,"['电视', '空调', '热水器', '洗衣机', '冰箱', '床', '沙发', '衣柜', '暖气', '宽带', '可做饭', '阳台']",房东诚心出租图片均为真实图片，手慢无请致电
荣祥花园水景华府 3室2厅2卫 拎包入住 电梯房,3室2厅2卫,整租,118O,南北,低层 / 12层,实力荣祥花园水景华府,槐荫经十西路 - 腊山北路,2200,无,"['电视', '空调', '热水器', '洗衣机', '床', '沙发', '衣柜', '可做饭', '阳台']",小区介绍：拥有30%以上的绿化率，堪称天然氧吧。门口就有公交车站地铁站，上下班方便。房源介绍：这套房子户型超好，大厅主卧朝向合理，特别敞亮，每个房间都很大，采光相当好业主情况：业主诚心出租，随时看房，资深房产顾问的我竭诚为您服务！
新上房源 真实在租 业主急租希望年前租出去 价格低 欲租从速,2室1厅1卫,整租,86O,东,低层 / 27层,汇展香格里拉,高新国际会展中心 - 新宇路1号,1750,距离地铁R3号线丁家庄站1984米,"['电视', '空调', '热水器', '洗衣机', '冰箱', '床', '沙发', '衣柜', '暖气', '宽带', '可做饭', '阳台']","房屋介绍一、房屋基本信息：1、楼盘名称：汇展香格里拉2、房屋性质:住宅3、装修情况:精装修、客厅瓷砖,卧室瓷砖4、配套情况：各种家电一应俱全，拎包即可入住。5、腾房情况：房屋现在空置,干净整洁，随时入住。二、小区配套：1、附近万达广场、银座超市、菜市场等生活便利。2、交通方便：多路公交直达三、个人介绍:本人从事房地产行业多年,主高新商圈，对周边房源均有了解。如果您有任何房产方面的需求,欢迎致电,我将竭诚为您服务。"
八里桥 年底捡漏 精装三室 带全套家具家电 带地下室 有车位,3室2厅2卫,整租,135.5O,南北,低层 / 12层,华夏金色阳光花园,天桥堤口路 - 堤口路177号,3000,无,"['电视', '空调', '热水器', '洗衣机', '冰箱', '床', '沙发', '衣柜', '暖气', '宽带', '可做饭', '阳台']","1:华夏金色阳光花园小区，花园式小区，环境好,交通便利，家具家电齐全，卧室朝阳，采光视.野好，小区内还有单独的幼儿园，随时拎包入住。2:户型是精装双气3室2厅1卫的房子，户型方正好用，客厅大，小区物业管理完善，安全有保障。3:有7路，12路，45路，91路，100路，107路等公交车。让你出行方便，想去哪去哪，小区东行500米是大润发，西行20米是八里桥水果市场，购.物方便又省心。"
新出~七里河华龙路~精装两室~南北通透~领包住,2室2厅1卫,整租,83O,南北,中层 / 6层,七里河小区,历城七里河 - 七里河路,1750,无,"['电视', '空调', '热水器', '洗衣机', '冰箱', '床', '沙发', '衣柜', '暖气', '宽带', '可做饭', '阳台']",1.这个小区物业正规，24*物业，安全的很2、咱们小区周边有很多济南小吃，满足吃货的要求，之前我经常在这吃3、自家房子，价格低廉、房子照片都是我自己亲自拍摄的，随时看房，正规卧室，4、物品损坏24*内免费上门维修、我们有自己的维修师傅5、服每星期定期检查卫生，排除电路水路等安全隐患6、房间干净整洁、每天都会打扫卫生、希望租客能吧那当成自己的家、维护机自觉打扫卫生、7、租赁期间如有各项问题，我们客服为您排解困难协调调解温馨提示养宠物的、没有正当职业的、不爱干净的、大吵大闹的，为了营造干净、和谐、安全的居住环境，以上租客不租谢谢合作、
真 实房源精装修拎包入住，万科麓公馆，美莲广场，汉峪金谷,1室1厅1卫,整租,30O,北,中层 / 30层,万科麓公馆,高新齐鲁软件园 - 舜风路,1450,无,"['电视', '空调', '热水器', '洗衣机', '冰箱', '床', '沙发', '衣柜', '暖气', '宽带', '可做饭', '阳台']",房子优势：1、房子格局很好，公寓，户型方正、采光超棒、独立卫浴厨房，拎包入住！2、房子位置很好，设施完善，紧邻汉峪金谷、龙奥天街、齐鲁软件园出门就有公交站和大型商场、各大银行。3、房子处于中高层，前面无遮挡，视野和采光都非常好，居家好选择。4、看房非常方便，提前一个电话就等候您的到来。
新出~百花小区华龙路~精装两室~两室朝阳~领包住,2室2厅1卫,整租,90O,南北,中层 / 11层,百花小区,历城七里河 - 华龙路2150号,1700,无,"['电视', '空调', '热水器', '洗衣机', '冰箱', '床', '沙发', '衣柜', '暖气', '宽带', '可做饭', '阳台']",1.这个小区物业正规，24*物业，安全的很2、咱们小区周边有很多济南小吃，满足吃货的要求，之前我经常在这吃3、自家房子，价格低廉、房子照片都是我自己亲自拍摄的，随时看房，正规卧室，4、物品损坏24*内免费上门维修、我们有自己的维修师傅5、服每星期定期检查卫生，排除电路水路等安全隐患6、房间干净整洁、每天都会打扫卫生、希望租客能吧那当成自己的家、维护机自觉打扫卫生、7、租赁期间如有各项问题，我们客服为您排解困难协调调解温馨提示养宠物的、没有正当职业的、不爱干净的、大吵大闹的，为了营造干净、和谐、安全的居住环境，以上租客不租谢谢合作、
万科麓公馆 一居独卫 可短租1500  精装电梯房 无中介,1室1厅1卫,整租,32O,南,低层 / 32层,万科麓城,"高新齐鲁软件园 - 舜风路,近凤凰路",1500,无,"['电视', '空调', '热水器', '洗衣机', '冰箱', '床', '沙发', '衣柜', '暖气', '宽带', '可做饭', '阳台']",1.房间标配双人床，衣橱，书桌，热水器，空调洗衣机等，拎包即可入住，WIFI全覆盖，暖气，有厨房可做饭，2.交通方便，舜泰广场浪潮集团玉兰广场，步行上班无压力，每天睡到自然醒3.实名登记入住，安全放心。房屋精装修，要求有正当职业，无不良嗜好，不扰民，作息时间规律。商圈：汉峪金谷，舜泰广场，齐鲁软件园，奥体会展、丁豪广场、万达广场。高新区周围各个小区都有我的房源，任您挑选，欢迎来电咨询
可月付 短租 唐冶西路 东八区 奥特莱斯 遥墙机场 水发,1室1厅1卫,整租,55O,南北,中层 / 33层,绿地城1期,"历城唐冶 - 唐冶中路,近唐冶西路",1050,无,"['电视', '空调', '热水器', '洗衣机', '冰箱', '床', '沙发', '衣柜', '暖气', '宽带', '可做饭', '阳台']",房屋推荐特点：1、户型特点：中高层、户型方正、采光视野好，适宜居住。2、室内精装修，拎包入住，宽敞大方，使用率高；卧室温馨舒适，搭配心怡，厨房设施齐全。3、环境优雅，低密度社区，小区绿化率高，让你每天生活在空气清新的环境下。4、小区地理位置好，位于商业圈，交通便利，出小区就是站牌，小区周边配套设施齐全，银行、超市、菜市、学校、医院、商务会所，应有尽有。小区环境幽雅，绿化面积大，家里家室家电齐全，可带衣物直接入住！看房方便，提前预约！
泺祥新区 精装修拎包入住 全套家具紧邻汽车站药王楼随时看房,1室1厅1卫,整租,65O,南北,低层 / 18层,泺祥新区,天桥汽车厂东路 - 汽车厂东路8号,1800,无,"['电视', '空调', '热水器', '洗衣机', '冰箱', '床', '沙发', '衣柜', '暖气', '宽带', '可做饭', '阳台']",一、一室一厅，空调，床，家具，电暖片，公用卫生间二、交通方便，离济洛路汽车厂东路长途汽车站药王楼中恒商城近三、具体装修情况请看照片四、本房源真实可靠，不发假房源，我们保证给介绍的房子是你们自己找不到的，而且价格是比你们自己找的价格便宜很多五、欢迎随时看房，提前联系，
舜耕路历阳大街阳光舜城银丰山庄 顶楼复式带车位 居住办公一体,4室2厅2卫,整租,225O,南北,高层 / 12层,银丰山庄,市中八里洼 - 历阳大道2号,7500,无,"['空调', '热水器', '床', '暖气', '宽带']",舜耕路高档小区，银丰山庄顶楼复式精装修，带5台空调，两张床，适合办公居住一体随时联系看房
经十路旅游路金鸡岭燕子山西路 办公别墅会所接待 好停车随时看,7室2厅3卫,整租,400O,南北,共3层,羊头峪山庄别墅区,历下环山路 - 环山路,16500,无,"['空调', '热水器', '暖气', '宽带', '可做饭']",经十路旅游路燕山立交金鸡岭附近别墅办公会所接待，停车方便空调暖气，能做饭
可月付 龙凤山路 飞跃大道 历城二中 贞观街 奥特莱斯 东八,1室1厅1卫,整租,55O,南,中层 / 11层,唐城小区,历城唐冶 - 机场路,1300,无,"['电视', '空调', '热水器', '洗衣机', '冰箱', '床', '沙发', '衣柜', '暖气', '宽带', '可做饭', '阳台']",可月付季付半年付（房屋租赁请选择正规的中介公司！所有中介公司的房源我们都有、为了让您在短时间内找到合适的房子、建议您找我们一家中介、避免电话过多看重复房源）我公司是一家只做酒店式公寓的租赁房产公司，因为专一，所以专业！！1.房间家具有：床，床头柜，衣柜，沙发，茶几，写字桌。电器有空调，洗衣机，热水器，冰箱，油烟机等。2.精装修家私家电齐全、拎包入住。3.楼层好、视野开阔、采光好、4.房东全新装修、诚心出租、房源性价比高、5.800--1500独立厨卫，不是合租房（房间朝向大小位置配套楼层都在影响价格）【小区配套】1、小区位置优越、空气质量好、2、小区有停
荷兰庄园 精装修 电梯房 2室2厅2卫 价格可议,2室2厅2卫,整租,120O,南北,中层 / 7层,荷兰庄园,历下经十路历下段 - 转山西路18号,3500,距离地铁R3号线奥体中心站1815米,"['电视', '空调', '热水器', '洗衣机', '冰箱', '床', '沙发', '衣柜', '暖气', '宽带', '可做饭', '阳台']",1.两室两厅两卫2.房屋干净整洁，光照充足，可直接拎包入住。3.房屋精装修，厨房可做饭，餐厅可容纳多人同时就餐4.随时入住
华创观礼附近龙湖奥东11号 复试公寓出租家具家电齐全拎包入住,1室1厅1卫,整租,48O,南,中层 / 30层,龙湖奥东11号,高新汉峪 - 舜义路,2700,无,"['电视', '空调', '热水器', '洗衣机', '冰箱', '床', '沙发', '衣柜', '暖气', '宽带', '可做饭', '阳台']",房子出租干净整洁家具家电齐全周边设施齐全紧邻奥体中心玉兰广场银丰财富中心龙奥天街龙奥金座阳光保险阳光金融中心喜来登大酒店汉峪金谷舜泰广场浪潮集团省立医院鲁商国奥城万象城CBD力高国际金宇大厦山东省人民法院中铁国际城中铁财智中心全运村中央广场华创管理中心重汽1956万科天泰金域中心中国电信齐鲁软件园科汇大厦雨滴广场知慧大厦三庆齐盛广场银荷大厦鑫盛广场高新万达广场铭盛大厦丁豪广场山东大学科技产业园国际会展中心贤文花园海信贤文世家山钢新天地新生活家园新东方花园万达华府盛世花城未来城茗筑美嘉小鸭集团牛旺庄明湖白鹭郡明湖太学院保利华庭龙园小区中海天悦府国华印象齐鲁文化创业基地海信创智谷理想嘉园鑫苑国际雅居园中铁汇苑燕山新居草山岭小区康桥颐东东城逸家北胡小区奥林逸城汉峪新苑舜奥华府南湖花园德润天玺奥龙观邸万科麓山凤凰国际中铁逸都国际玺园东荷苑晨熙家园东城逸家逸雅园一区东城逸家逸雅园二区东城逸家逸雅园三区东城逸家逸雅园四区东城逸家逸秀园二区东城逸家逸秀园一区东城逸家逸品园东城逸家逸士园一区东城逸家逸士园四区东城逸家逸贤园一区东城逸家逸贤园二区东城逸家逸俊园一区凤凰上郡三盛国际涵玉翠岭华皓英伦联邦兴旺家园汉峪海风经十路舜华路龙奥北路奥体中路奥体西路凤凰路人工智能大厦舜义路舜华南路辰祥路天辰路解放路周边都有房源各种单间公寓整租合租给我一分信任还您十分温暖让您拥有一个温暖的小家在这个漂泊的城市不再漂泊
汉峪金谷附近，重汽科技大厦，舜奥华府精装大三室拎包入住,3室2厅2卫,整租,159O,南北,中层 / 30层,济高舜奥华府,高新汉峪 - 舜华南路,4800,无,"['电视', '空调', '热水器', '洗衣机', '冰箱', '床', '沙发', '衣柜', '暖气', '宽带', '可做饭', '阳台']",汉峪金谷，生活设施配套完善，邻近龙奥北路，经十路，旅游路出行方便。二、户型介绍：1.南北通透、宽敞舒适，简单装修，提包入住2.楼层适宜，采光足，视野开阔3.交通便利：私家车和公共交通都能方便出行。三、社区介绍：1.社区环境好，环境优美，适宜居住，人文素质高，物业管理完善2.小区的容积率非常小，属于低密度社区，非常适宜居住五、个人介绍：本房源是新的房源，发布及时，欢迎实地看
泊寓文创基地！整租！带独卫！有暖气！可申请租房补贴！,1室0厅1卫,整租,12O,东,高层 / 6层,万科麓公馆,高新齐鲁软件园 - 舜风路,1287,无,"['电视', '空调', '热水器', '洗衣机', '冰箱', '床', '沙发', '衣柜', '暖气', '宽带', '可做饭']",泊寓・城市青年家你想要的，这里都有P・A，共享餐厅、健身器材、影音放映、台球厅等配套设施全部免费使用潮生活、轻装修、自由住一、房间特征房间采用智能*锁，免去带钥匙的苦恼，24*无死角*，让您入住的更安全；房间不论大小均设有独立卫生间、空调、暖气、热水器、床、床垫、桌椅，另有20兆宽带专线；二、周边配套毗邻高新万达、美莲广场、丁豪广场等商圈；周边菜市场、宜快宜慢便利店、餐饮小吃应有尽有，出门即是站牌：123、87、202、63路，交通便利，四通八达，市中心无需倒车，一票直达。三、房间户型9-20平方loft（快乐窝），15-30平方平层（自由空间）实景实拍皂片（不是皂骗）五、三不租（不是闹着玩的）1、带熊*的粑粑麻麻2、35岁以上的怪蜀黍奏凯3、无正当职业者
洪楼广场南200米单位宿舍精装三室家电家具齐全个人长短租日租,3室1厅1卫,整租,95O,南北,中层 / 6层,粮食局宿舍(花园路),历城洪家楼 - 花园路106号,2400,无,"['空调', '热水器', '洗衣机', '冰箱', '床', '沙发', '衣柜', '暖气', '宽带', '可做饭', '阳台']",花园路洪楼广场南300米，山大陪读好房，单位宿舍三室一厅一厨一卫精装整租三楼，三张床两台空调，双气家电家具齐全，洗衣机热水器南北阳台，非常经济实惠三室一厅，预约看房.随时可以入住
鑫苑鑫中心 实图实价无中介  铂瑞斯 齐鲁华能路 科技,1室1厅1卫,整租,42.86O,南,高层 / 18层,鑫苑鑫中心,历城东风 - 华信路1号,2798,无,"['电视', '空调', '热水器', '洗衣机', '冰箱', '床', '沙发', '衣柜', '暖气', '宽带', '可做饭', '阳台']","中介勿扰中介勿扰中介勿扰1、公寓直租（不收取任何附加费用）一年起租（可短租）（可短租）（可短租）支持月付，季付，半年付，年付。（无中介费，月付无压力，付款方式不同，价格相应不同）全部房源为真实有效房源都实图实价2、房源充足（房源分布广，历城区、历下区、天桥区、市中区、高新区均有房源）3、房屋精装修标配风格家具、WIFI,空调，热水器，洗衣机等，专属管家服务，安全有保障4、不玩虚假套路，真情实意的为您挑选且合适的房源！"
党杨路刘长山绿地国际花都经典两室电梯房家具家电齐全领包即可,2室2厅1卫,整租,85O,南,高层 / 31层,绿地国际花都(二期),槐荫刘长山路槐荫段 - 党杨路,1300,距离地铁R1号线王府庄站1416米,"['电视', '空调', '热水器', '洗衣机', '冰箱', '床', '沙发', '衣柜', '暖气', '宽带', '可做饭', '阳台']",朋友，您好！欢迎光临我的店铺，如果您正在为找房而犯愁，您的贴心顾问正在等着您！――宋丽君，我的服务宗旨是：“用务实心，做专业人，真心交朋友。珍惜您的每一分钱”。一、房源优势：1、3室1厅格局方正，正南通透，使用率超赞，2、挑高客厅，宽敞大气二、户型介绍：室：2室2厅建筑面积：85装修：简装房屋类型：小区房)三、社区介绍：四、交通介绍：五、个人介绍：本房源是新房源，发布及时，欢迎并实地看房。
汉峪金谷 精装两室带车位邻舜泰软件园重汽北胡旅游路经十路龙洞,2室2厅1卫,整租,100O,南,中层 / 18层,瀚裕华园,高新汉峪 - 旅游路,2200,无,"['空调', '热水器', '洗衣机', '冰箱', '床', '沙发', '衣柜', '暖气', '可做饭', '阳台']",1、小区名称：瀚裕华园2、小区环境：省直机关宿舍、安全性高、汉峪片区环境优美、美绿化率高、车位充足、附近有超市、集市、医疗、中小学幼儿园3、公交路线：518、k131、k145等多路公交车直达奥体中心4.附近商业有：万达广场、丁豪广场、美莲广场、汉峪金谷、舜泰广场、中铁汇苑、国际会展中心、三庆世纪财富中心、银座、汽车银座、万达文旅城、建筑大学、体育学院、省立医院东院、奥体中心、浪潮集团、雨滴广场、齐鲁软件园、力高国际、高新cbd、三盛、小鸭工业园、炼油厂、中央广场、玉兰广场、龙奥大厦、海信创智谷、齐鲁文化创意基地、殷陈小学、济南高新区第二实验学校、济高实验学校、山师二附中、义和小学、唐冶、药谷、高新区管委会、高新区政务服务中心、天辰、博士伦、福瑞达、中国航天科技园、齐盛广场、科汇大厦、银荷大厦、铭盛大厦、龙翔商务大厦、宝威科技园、高新区奥体中路学校、轻骑集团、电子机械工程学校、中国铁建国际城、山东省胸科医院东院区。5.主做小区：丁豪广场、鲍山花园、万达华府、万达广场、东都国际、钢城新苑、济钢新村、金域华府、景苑小区、茗筑美嘉、牛旺小区、盛福家园、盛福花园、八涧堡小区、邓家花园、姜家花园、贤文花园、贤文世家、祥泰新河湾、殷陈小区、徐家庄（新徐印象）、中建新悦城、中新锦绣天地、中新国际城、金河山庄、凤凰国际、鲁邦奥林逸城、南湖花苑、北胡灏苑、田园山庄、东盛花园、东篱花园、石化园小区、万科幸福里、殷陈早市、保利花园、建大花园、尚东1956、中建凤栖第、恒生伴山、三庆城市主人、银盛泰金域蓝山、天齐奥东花园、龙湖春江郦城、河泰优山美郡、中建新悦城、星瀚城、铁厂宿舍（济钢第三工业南宿舍）、涵源新居、汉峪新苑、小瀚裕、兴旺家园、华皓英伦联邦、绿城玉兰花园、全运村、西蒋峪、锦屏家园、三盛国际公园、东鲁凤凰上郡、中铁逸都、舜奥华府、景和山庄、景苑小区、潇景苑小区、三箭汇福山庄、草山岭小区、联合财富广场、万科城、万科麓城、张马屯（东方丽苑）、盛景家园、绿城百合、明湖白鹭郡、水晶东座、未来城、牛旺庄小区、鑫苑国际城市花园、理想嘉园、汇展香格里拉、新生活家园、中垠雅苑、山钢新天地、丁家庄小区、华达宿舍、华达华苑、力高国际、中铁汇苑、新东方花园、万科新里程、中海天悦府、汉峪海风、。山水华府、明福花园、盛福苑、海信慧园、康桥颐东。6.交通干线：工业南路、经十路、花园东路、奥体中路、奥体西路、奥体东路、奥体北路、旅游路、凤凰路、舜华路、舜风路、天辰路、康虹路、铁骑路、世纪大道、凤园路、龙鼎大道、会展路、新泺大街、天泺路、浪潮路、伯乐路、舜泰北路、凤鸣路、凤岐路、工业北路、飞跃大道、颖秀路、沁园路、舜旺路、会展东路、会展西路、金达路、华茂路、龙奥北路、龙奥南路、凤新路、华盛路、百合东路、老石沟路、龙驰路、重德路、礼耕路、齐川路、正丰路、轻风路、中林路、八涧堡东路、八涧堡路、炼化路、凤山路。
新出一室一厅 初次出租全新家具家电 经十路万象城窑头路奥体！,1室1厅1卫,整租,40O,南北,中层 / 12层,卓越时代广场,历下浆水泉路 - 浆水泉路16号,1300,无,"['电视', '空调', '热水器', '洗衣机', '冰箱', '床', '沙发', '衣柜', '暖气', '宽带', '可做饭', '阳台']",--------在诚基选万城地产--------我所发房源信息都【真实有效】房屋照片均为本人亲自拍摄！高效为您服务。【加手机号！】小区配置：1.诚基中心所有房源均为双气房，落地大飘窗！视野采光*棒！2.2010年新房电梯房，成熟社区院内购物方便！水电费也是全市统一价格。3.本店*诚基中心一室，两室，三室，精装豪装居住，办公房，*房，押一付一房各种价位均有！随时看房！免费看房！我们只专注做诚基中心租赁业务，并且拥有院内*多房源及经纪人，我们是诚基租赁交易平台，因为专一所以专业！别家中介有的房子我都有，我家有的房子他们没有！我*不吃差价透明交易，选择万城给您*专业的服务！区位优势：1.济南真正市中心位置，坐拥和平路山师东路两条市区主干道！这里就是城市中心位置优越。山师购物街旁闹中取静，步行10*即可到达济南泉城广场、趵突泉、泉城路等景点；2.出行交通便利门口站牌有102、K93、49、80、K96、2、151办公地点：和平路沿街诚基中心B3万城地产公司
绿地中央广场三区 3室2厅1卫 2900元月 配套齐全,3室2厅1卫,整租,117O,南北,中层 / 33层,绿地中央广场三区,槐荫西客站 - 齐州路3199号,2900,距离地铁R1号线济南西站站1121米,"['电视', '空调', '热水器', '洗衣机', '冰箱', '床', '沙发', '衣柜', '暖气', '宽带', '可做饭', '阳台']",此为房源，新状态清联系经纪人，其他房源也可电话咨询。
山大南路123号院 2室2厅1卫 2099元月 干净整洁,2室2厅1卫,整租,74.5O,南,中层 / 6层,山大南路123号院,历下解放桥 - 山大南路123号,2099,无,"['电视', '空调', '热水器', '洗衣机', '冰箱', '床', '沙发', '衣柜', '暖气', '宽带', '可做饭', '阳台']",1.租金便宜：业主人很随和，很好说话，只要租户稳定，基本是没什么问题的；2.房屋介绍：房子户型正气，南朝向，采光跟通风都是没得挑，阳光很充足，原是业主自住的装修，带成套家具家电，可以拎包入住；3.随时看房：您只需提前跟我电话预约，即可免费带您去看房；户型：精装装修情况：户型正气，阳光超好，非常干净，空调、热水器、床、洗衣机、冰箱、电视，都有的。4具体的装修情况可看实拍照片温馨提醒：正规的中介机构均为免费看房，如签合同须签约本人同时出示与出租地址相符的房产证，交钱时应索取相应收据。5带客户看的每一套房子都是本人提前去看过的房子，对客户负责，用诚挚的服务，帮每一个客户找到自己满意的房子！不是你没有遇到合适的房子，而是没有遇到为你们全力以赴的房产经纪人，选择我――点击我的头像，进入我的店铺，更多房源已为你准备好。
豪华木质，临山师山艺华强省医，山师东路和平路，家电齐全拎包住,1室1厅1卫,整租,62O,南,高层 / 9层,诚基中心,历下和平路 - 和平路47号,1800,无,"['电视', '空调', '热水器', '洗衣机', '冰箱', '床', '沙发', '衣柜', '暖气', '宽带', '可做饭', '阳台']",附近标识：山师、山艺、千医、省中医、八院二、小区介绍：以精装小户型为主，电梯房，配套设施齐全，成熟商圈，文化底蕴深厚，入住多为年轻人，有朝气.三、公交直达：省杂技团18路48路75路110路123路K59路K94路；山师东路文化东路31路K93路；附近其他公交站点有山大路文化东路.和平路历山东路.文化东路西口.经十路山师东路。
可短租！洪家楼校区七里堡市场环联 干净两居室 家具家电齐全,2室1厅1卫,整租,62O,南,高层 / 6层,七里堡小区,历城七里堡 - 二环东路1728号,1899,无,"['电视', '空调', '热水器', '洗衣机', '冰箱', '床', '沙发', '衣柜', '暖气', '宽带', '可做饭', '阳台']","1、高性价比付款方式灵活、季付、半年付、大程度方便住户，减轻租客压力2、白金地段，地铁口快捷交通。饭店、药店、水果店、各色小吃、便利店、足疗、美容美发、网吧、茶社、菜场等小型生活配套楼下醇熟配套，十分便利3、拎包入住房间均配置了大床、写字桌椅、温馨衣柜、洗衣机、24天然气热水，一应俱全，做到了真正的全装修拎包入住标准。4、配备齐全主卧：带独立卫生间，全新家具，床衣柜电脑桌家电：电视、洗衣机、厨房5、看房自由本房源真实存在，您只需要一个电话,即可带您看房,精装修,6.可入住时间：随时入"
可月付 唐冶西路 唐城小区对面 奥特莱斯附近 飞跃大道 精装,1室0厅1卫,整租,30O,南北,中层 / 36层,绿地城1期,"历城唐冶 - 唐冶中路,近唐冶西路",750,无,"['电视', '空调', '热水器', '洗衣机', '冰箱', '床', '沙发', '衣柜', '暖气', '宽带', '可做饭', '阳台']",可月付季付半年付（房屋租赁请选择正规的中介公司！所有中介公司的房源我们都有、为了让您在短时间内找到合适的房子、建议您找我们一家中介、避免电话过多看重复房源）我公司是一家只做酒店式公寓的租赁房产公司，因为专一，所以专业！！1.房间家具有：床，床头柜，衣柜，沙发，茶几，写字桌。电器有空调，洗衣机，热水器，冰箱，油烟机等。2.精装修家私家电齐全、拎包入住。3.楼层好、视野开阔、采光好、4.房东全新装修、诚心出租、房源性价比高、5.800--1500独立厨卫，不是合租房（房间朝向大小位置配套楼层都在影响价格）【小区配套】1、小区位置优越、空气质量好、2、小区有停
汽车总站 翡翠郡 精装 拎包入住 随时看房 东工商河路,2室2厅1卫,整租,94O,南北,中层 / 24层,翡翠郡(南区),天桥汽车总站 - 无影山中路41号,2650,无,"['电视', '空调', '热水器', '洗衣机', '冰箱', '床', '沙发', '衣柜', '暖气', '宽带', '可做饭', '阳台']",1，房子翡翠郡南区2，标准的两室2厅面积都很大，空调，洗衣机，热水器，WIFI等家具家电齐全，拎包入住；3，距万达，大观园，火车站，汽车总站通讯城缤纷五洲都很近，位置优越；4，电梯房省去你的爬楼之苦；5，市政集中供暖，，可做饭；6，全部实图。
二环西 森林公园 会展中心 精装修 拎包入住,2室2厅1卫,整租,89.30O,南,高层 / 19层,龙腾国际花园,槐荫张庄路 - 张庄路363号,2500,无,"['电视', '空调', '热水器', '洗衣机', '冰箱', '床', '沙发', '衣柜', '暖气', '宽带', '可做饭', '阳台']",房屋亮点：1，该房子敞亮开阔，户型极好，家具配套设施完善。2，小区内安保性极好，随处保安巡逻。3，内设幼儿园，便于接送。4，周边设有商场、超市、医疗、教育、休闲娱乐健身等项目。5，公交交通等设施齐全，交通便利，出行方便。6，小区发展成熟，绿化率高，空气清新，特别适合居住。租户稳定
汉峪金谷周边26方一室公寓，年前便宜甩租，可短租付一无杂费,1室1厅1卫,整租,26O,南,高层 / 33层,中铁奥体26方,高新汉峪 - 凤凰南路,1300,无,"['电视', '空调', '热水器', '洗衣机', '冰箱', '床', '沙发', '衣柜', '暖气', '宽带', '可做饭', '阳台']",入住前深度保洁，做到拎包就能入住家具家电及时上门维修，随时可预约中途退租可以自行转租，减少违约损失地铁、公交公共交通便捷无忧…随便去哪儿周边各大商超、美食环绕其中，生活设施便利，吃喝玩乐，应有尽有
全新配套 酒店式装修 仅一套 一室两厅 阳光100 看房随时,1室2厅1卫,整租,59O,西南,高层 / 28层,阳光100国际新城(H...,槐荫阳光新路 - 阳光新路19号,1900,无,"['电视', '空调', '热水器', '洗衣机', '冰箱', '床', '沙发', '衣柜', '暖气', '宽带', '可做饭']",房主诚意出租，价格实惠，品味，房子高端大气上档次，低调奢华有内涵欢迎看房！！！饭店:五美爵大酒店、高地街56号餐厅、超意兴快餐店.超市：沃尔玛超市，和谐广场。商场：和谐广场、美乐汇商场、银座商城银行：建行、中行、中信、兴业、工行医院：省立医院、儿童医院、红十字门诊
正规好房 绝度超值 中建文化城 稍纵即逝 抓紧时间哦,1室1厅1卫,整租,43.00O,南,中层 / 24层,中建文化城,历下文化东路 - 文化东路16号,2200,无,"['电视', '空调', '热水器', '洗衣机', '冰箱', '床', '沙发', '衣柜', '暖气', '宽带', '可做饭', '阳台']",房屋配套：精装一室，床，沙发，空调，橱柜，厨具，卫具等齐全。房子情况：楼层合适，采光视野都不错。房子户型好，宽敞舒适。房屋整洁干净，南北通透。房主心态：房主着急出租，随时看房。价格优势：在该小区内，房子价格合适，性价比高，且可协商。租户稳定
维尔康市场对面 工业北路 桑园北路 全福生活广场旁 随时入住,2室1厅1卫,整租,70O,南北,中层 / 6层,维尔康宿舍,"历城历城周边 - 工业北路263,268号",1399,无,"['电视', '空调', '热水器', '洗衣机', '冰箱', '床', '沙发', '衣柜', '暖气', '宽带', '可做饭', '阳台']",1.租金便宜：业主人很随和，很好说话，只要租户稳定，基本是没什么问题的；2.房屋介绍：房子户型正气，南朝向，采光跟通风都是没得挑，阳光很充足，原是业主自住的装修，带成套家具家电，可以拎包入住；3.随时看房：您只需提前跟我电话预约，即可免费带您去看房；户型：精装装修情况：户型正气，阳光超好，非常干净，空调、热水器、床、洗衣机、冰箱、电视，都有的。4具体的装修情况可看实拍照片温馨提醒：正规的中介机构均为免费看房，如签合同须签约本人同时出示与出租地址相符的房产证，交钱时应索取相应收据。5带客户看的每一套房子都是本人提前去看过的房子，对客户负责，用诚挚的服务，帮每一个客户找到自己满意的房子！不是你没有遇到合适的房子，而是没有遇到为你们全力以赴的房产经纪人，选择我――点击我的头像，进入我的店铺，更多房源已为你准备好。
无中介f拎包入住洪家楼印象城山东大学彼岸新都海蔚广场家电齐全,1室1厅1卫,整租,50O,南,中层 / 20层,广厦聚隆广场(商住楼),历城洪家楼 - 洪家楼南路1号,2500,无,"['电视', '空调', '热水器', '洗衣机', '冰箱', '床', '沙发', '衣柜', '暖气', '宽带', '可做饭', '阳台']",下面就是印象城，旁边还有洪楼夜市，非常热闹，山东大学，距离宽厚里，大明湖两公里，拎包入住，家具家电齐全。可根据租客个性化需求配家具，无任何费用，带办车位，代办租房补贴！！！！！！
恒大绿洲一室一厅一卫拎包入住随时看房长租价格能谈,1室2厅1卫,整租,54O,南北,低层 / 32层,恒大绿洲,长清恒大绿洲 - 大学路6677号,1600,无,"['电视', '空调', '热水器', '洗衣机', '冰箱', '床', '沙发', '衣柜', '暖气', '宽带', '可做饭', '阳台']",一室一厅一卫，有床，衣橱，沙发，茶几，洗衣机，冰箱，炉具等，家具家电齐全，直接拎包入住，随时看房
姚家镇政府单位宿舍 金泉大厦对面 解放东路 历下区政府,2室1厅1卫,整租,72O,南北,高层 / 6层,政府宿舍(姚家),历下姚家 - 解放东路83号,1800,无,"['电视', '空调', '热水器', '洗衣机', '冰箱', '床', '沙发', '衣柜', '暖气', '宽带', '可做饭', '阳台']",1.租金便宜：业主人很随和，很好说话，只要租户稳定，基本是没什么问题的；2.房屋介绍：房子户型正气，南朝向，采光跟通风都是没得挑，阳光很充足，原是业主自住的装修，带成套家具家电，可以拎包入住；3.随时看房：您只需提前跟我电话预约，即可免费带您去看房；户型：精装装修情况：户型正气，阳光超好，非常干净，空调、热水器、床、洗衣机、冰箱、电视，都有的。4具体的装修情况可看实拍照片温馨提醒：正规的中介机构均为免费看房，如签合同须签约本人同时出示与出租地址相符的房产证，交钱时应索取相应收据。5带客户看的每一套房子都是本人提前去看过的房子，对客户负责，用诚挚的服务，帮每一个客户找到自己满意的房子！不是你没有遇到合适的房子，而是没有遇到为你们全力以赴的房产经纪人，选择我――点击我的头像，进入我的店铺，更多房源已为你准备好。
首租！万达华府 精装三室两厅两卫 成熟社区 家具家电齐全,3室2厅2卫,整租,147.00O,南北,高层 / 16层,万达华府,高新国际会展中心 - 工业南路,3000,无,"['电视', '空调', '热水器', '洗衣机', '冰箱', '沙发', '衣柜', '暖气', '宽带', '可做饭']","房屋概况之前是自己住的所以装修花了不少钱，装修很好干净舒适房屋配置：热水器,空调,冰箱,洗衣机,衣柜,可做饭,沙发,电视,宽带,暖气,智能门锁,燃气灶,燃气可以说是这周边小区中在租的房子中的一套了有意者可以随时与我联系看房方便我们有钥匙！！欲租从速！！"
英雄山祥泰广场公寓式办公楼 豪华装修带家具 中央空调集中供暖,7室2厅4卫,整租,420O,南北,高层 / 22层,祥泰广场,市中英雄山路 - 英雄山路129号,17500,无,"['电视', '空调', '热水器', '洗衣机', '冰箱', '床', '沙发', '衣柜', '暖气', '宽带', '可做饭', '阳台']",loft公寓式办公楼，上下两层，德国包豪斯式设计，设计费12万多，装修费60多万，中央空调10万办公家具工位等都是现成的，真正的拎包办公，可容纳40名员工物业费低，1.8元，车位300-500，电费0.87，夏天中央空调，冬天市政集中供暖有钥匙可随时看房
旅游路 辅仁周边性价比醉高两室 家具家电全齐 随时连包入住,2室2厅1卫,整租,90O,南北,低层 / 6层,红山圣都,历下旅游路 - 旅游路21737号,2700,无,"['电视', '空调', '热水器', '洗衣机', '冰箱', '床', '沙发', '衣柜', '暖气', '宽带', '可做饭', '阳台']",房屋亮点：独卫独立阳台南北通透配套齐全精装修房源描述：1.房子精装修，安静温馨，全套家具家电齐全，拎包即住，可做饭，双气2、小区周围超市，银行，菜市场，娱乐场所等生活设施一应俱全，休闲购物吃饭非常方便，满足您的各种生活需求！3、出门就是公交站牌，多路公交，交通便利，方便出行，解决您上下班的忧虑！4、精装双气，全新家具，干净卫生！5、小区环境优雅，绿化率高，干净卫生，居住温馨舒适，管理规范，安全有保障，拎包入住，是您的租房！
可月付 短租 经十路 水发 药谷 保税区 建大 汉峪金谷,1室1厅1卫,整租,60O,南北,中层 / 33层,保利花园,历城邢村立交桥 - 经十东路299号,1050,无,"['电视', '空调', '热水器', '洗衣机', '冰箱', '床', '沙发', '衣柜', '暖气', '宽带', '可做饭', '阳台']",房屋推荐特点：1、户型特点：中高层、户型方正、采光视野好，适宜居住。2、室内精装修，拎包入住，宽敞大方，使用率高；卧室温馨舒适，搭配心怡，厨房设施齐全。3、环境优雅，低密度社区，小区绿化率高，让你每天生活在空气清新的环境下。4、小区地理位置好，位于商业圈，交通便利，出小区就是站牌，小区周边配套设施齐全，银行、超市、菜市、学校、医院、商务会所，应有尽有。小区环境幽雅，绿化面积大，家里家室家电齐全，可带衣物直接入住！看房方便，提前预约！
实拍1400！张庄路精装双气三室家具家电全一楼带院刘家场小区,3室2厅1卫,整租,108O,南北,低层 / 6层,刘家场小区,槐荫张庄路 - 张庄路,1400,无,"['电视', '空调', '热水器', '洗衣机', '冰箱', '床', '沙发', '衣柜', '暖气', '宽带', '可做饭', '阳台']",1.张庄路省立西院旁刘家场小区精装三室两厅经典户型两室朝阳。2.老屯茶城森林公园旁房子干净卫生家电家具全空调就三台拎包住。3.花园式小区内有车位，环境优美东靠兴济河。4.南邻经十路，北邻张庄路地铁口出行便利，华联超市宜家便民市场等。
转山西路 荷兰庄园精装三室 价可议 临近山景风光,2室2厅2卫,整租,120O,南北,中层 / 7层,荷兰庄园,历下经十路历下段 - 转山西路18号,3500,距离地铁R3号线奥体中心站1815米,"['电视', '空调', '热水器', '洗衣机', '冰箱', '床', '沙发', '衣柜', '暖气', '宽带', '可做饭', '阳台']",1.辅仁学校临近转山西路附近交通便利2.银座附近临近有赶牛岭景观环境3.临近有武警医院省医院东院医疗资源完善
实图实价无中介！高新万达公寓Y栋 全新家具家电 随时看房,1室1厅1卫,整租,50O,南,低层 / 20层,高新万达广场,高新国际会展中心 - 工业南路,2500,无,"['电视', '空调', '热水器', '洗衣机', '冰箱', '床', '沙发', '衣柜', '暖气', '宽带', '可做饭', '阳台']",1.无中介，个人房源，地理位置好2.实图实价，全新家具家电，拎包入住3.押一付一押一付三，半年付，年付都可以，多付优惠4.好房不多，有需要请电话联系
请注意！！建筑大学建大花园精装修三室一厅月租1800实图,3室1厅1卫,整租,94O,南,高层 / 6层,建大花园,历城建筑大学 - 凤歧路2888号,1800,无,"['电视', '空调', '热水器', '洗衣机', '冰箱', '床', '沙发', '衣柜', '暖气', '宽带', '可做饭', '阳台']",1.靠近汉峪金谷、舜泰广场、重汽科技大厦，适合上班人员。2.交通线路519、116、k73、119、k145、k169、901等各路公交线路经过。7.周边配套周边设有丰富的配套设施，汉峪金谷集市，奥体中心，龙奥大厦，龙奥天街，龙奥九号，喜来登大酒店，浪潮，银座，银行，医院，学校，娱乐场所一应俱全，充分满足你的生活所需！
请注意！！新出租建筑大学建大花园3室一厅2300元精装修实图,3室1厅1卫,整租,98O,南,高层 / 6层,建大花园,历城建筑大学 - 凤歧路2888号,2300,无,"['电视', '空调', '热水器', '洗衣机', '冰箱', '床', '沙发', '衣柜', '暖气', '宽带', '可做饭', '阳台']",.靠近汉峪金谷、舜泰广场、重汽科技大厦，适合上班人员。2.交通线路519、116、k73、119、k145、k169、901等各路公交线路经过。7.周边配套周边设有丰富的配套设施，汉峪金谷集市，奥体中心，龙奥大厦，龙奥天街，龙奥九号，喜来登大酒店，浪潮，银座，银行，医院，学校，娱乐场所一应俱全，充分满足你的生活所需！
整租依山居伴山居都市阳光东环国际工业南路二环东枫润山居七里河,2室1厅1卫,整租,110O,南,高层 / 20层,城投伴山居,历下解放东路 - 工业南路,2400,距离地铁R3号线丁家庄站1764米,"['电视', '空调', '热水器', '洗衣机', '冰箱', '床', '衣柜', '暖气', '宽带']",1.周围银座商城夜市奥斯卡临七里河路茂岭山路康虹路二环东路经十路工业南路工业北路华龙路万达广场丁豪广场齐鲁软件园汉峪金谷东环国际洪楼广场印象城万象城海蔚广场广厦聚隆广场洪楼教堂全方面满足您的衣食住行！2.温馨提示:租房周期短，流失很快，3-5天有效期，如果房源已租请不必灰心！3.我专做租房可提供其他在租的多套房源，只要将您的找房需求告诉我！4.一定帮您找到合适您的房子！一定帮您找到合适您的房子！！一定帮您找到合适您的房子！！！
华强广场 南向 60平精装修急租山大路解放路有钥匙免租期可谈,1室1厅1卫,整租,60O,南,高层 / 29层,华强公寓,历下解放路 - 山大路,1900,无,"['电视', '空调', '热水器', '洗衣机', '冰箱', '床', '沙发', '衣柜', '暖气', '宽带', '可做饭', '阳台']",房源描述写字楼，高端公寓，办公房，请选择我。我用心，您省心。如果您发现其他经纪人房源低于此小区均价，请您着实考虑此房源真实性。以免浪费时间和精力！友邻地产张真竭诚为你服务选择我们的6大理由：1.全场陪护看房{免费看房，成交后再付}2.产权调查{更安全，交易有保障}3.把握选址{更多房源共选，淘淘更便宜}4.专业谈判{我们更懂市场，更专业，帮您省钱}5.协助签署协议{更公正》}6.跟多后继配套服务{提供代、迁址，大量员工住宿安置找房、办公装修、家具、电话、网络宽带入户等。是您行政经理的左膀右臂、您的九段秘书}
裕辛苑 2室1厅1卫 1499元月 南北通透 配套齐全,2室1厅1卫,整租,80O,南,中层 / 7层,裕辛苑,历城还乡店 - 工业北路,1499,无,"['电视', '空调', '热水器', '洗衣机', '冰箱', '床', '沙发', '衣柜', '暖气', '宽带', '可做饭', '阳台']",配套】房子精装修，安静温馨，全套家具家电齐全，拎包即住，可做饭，双网双气全新家具，干净卫生！【环境】小区周围超市，银行，菜市场，各种小吃餐馆，娱乐场所等生活设施一应俱全，休闲购物吃饭非常方便，满足您的各种生活需求！【交通】出门就是公交站牌，多路公交，交通便利，方便出行，解决您上下班的忧虑！精装双气，全新家具，干净卫生！【物业】小区环境优雅，绿化率高，干净卫生，居住温馨舒适，管理规范，安全有保障，是您的租房必选！
实图实价直租无中介！精装大三室荣盛广场旁家具家电齐全拎包住,3室2厅1卫,整租,121O,南北,低层 / 23层,荣盛时代首府,"历城全福 - 北园大街,近将军路辅路",3799,无,"['电视', '空调', '热水器', '洗衣机', '冰箱', '床', '沙发', '衣柜', '暖气', '宽带', '可做饭', '阳台']",1.无中介，个人房源，地理位置好2.实图实价，全新家具家电，拎包入住3.押一付一押一付三，半年付，年付都可以，多付优惠4.好房不多，有需要请电话联系
来看唐冶绿地豪华装修三室两厅两位带车位只需2300元领包入住,3室2厅2卫,整租,117O,南北,高层 / 28层,绿地城1期,"历城唐冶 - 唐冶中路,近唐冶西路",2300,无,"['电视', '空调', '热水器', '洗衣机', '冰箱', '床', '沙发', '衣柜', '暖气', '宽带', '可做饭', '阳台']",房屋优势、朝向好日照充足、室内装修简洁大方、拎包入住房屋介绍、客厅宽敞大方使用率高、卧室温馨舒适、厨房设施齐全社区配套、环境优雅、低密度社区、小区绿化率高空气清新周边配套、地理位置得天独厚出行方便节约时间期待您的来电！
世购对面 一室一厅 家具齐全 拎包入住,1室1厅1卫,整租,33O,北,高层 / 22层,实力伴云居,"槐荫经十西路 - 经十路,近腊山北路",1350,无,"['电视', '空调', '热水器', '洗衣机', '冰箱', '床', '沙发', '衣柜', '可做饭', '阳台']",小区介绍：环境舒适宜人，封闭式花园小区小区内有超市，周边有明星菜市场和腊山农贸市场房源介绍：房屋家具家电设施齐全采光好，全明户型，下楼就是学校附近有81路109路78路96路202路等多路公交车出门交通便利，地铁口就在小区对面，小区内有地上地下停车位
恒大名都 精装三室 大空间 家电家具齐全 欢迎打扰 近水发,3室2厅1卫,整租,137O,南北,中层 / 30层,恒大名都,历城唐冶 - 敬德街555号,2200,无,"['电视', '空调', '热水器', '洗衣机', '冰箱', '床', '沙发', '衣柜', '暖气', '宽带', '可做饭', '阳台']",房屋干净整洁，装修风格时尚，家电家具齐全，拎包入住，周边餐饮娱乐菜市场公交站齐全，可洗澡做饭，长租价格可议，欢迎大家咨询！
景苑小区 三室 都带空调 实图有床   1900,3室1厅1卫,整租,97O,南北,低层 / 11层,景苑小区,高新经十路高新段 - 经十路,1900,无,"['空调', '热水器', '床', '衣柜', '暖气', '宽带', '可做饭', '阳台']",高新区武警总队单位宿舍设施齐全电梯房双气三线齐全精装床衣橱电脑桌沙发茶几空调热水器油烟机炉灶等小区位于经十东路与水华路，汉峪金谷舜泰广场东，近齐全软件园、美莲广场、奥盛大厦、银河大厦、万达文旅城、银座汽车等高新区乘坐115116136直达水华路站下车即是实拍图片有钥匙随时看房随时入住
精装  明湖天地 2室1厅1卫 性价比高 拎包入住,2室1厅1卫,整租,70O,南北,中层 / 15层,明湖天地,历下明湖东路 - 明湖东路10号,2400,无,"['电视', '空调', '热水器', '洗衣机', '冰箱', '床', '沙发', '衣柜', '暖气', '宽带', '可做饭', '阳台']",更多同类好房源.请点击右上角我的头像进入我的店铺查看.欢迎致电。房屋详情：2室1厅，卧室朝阳，南北通透。双气，精装房，大床，油烟机，燃气灶，空调，冰箱，电视，挂衣橱，写字台，餐桌，热水器等，拎包入住周边配套：紧挨大明湖，老东门，奥斯卡。附近学校，医院，银行，公园餐饮，娱乐设施齐全！
新出特价一室，可短租可月付，邻山师山艺华强省医泉城广场芙蓉街,1室0厅1卫,整租,36O,南,中层 / 12层,诚基中心,历下和平路 - 和平路47号,1000,无,"['电视', '空调', '热水器', '洗衣机', '冰箱', '床', '沙发', '衣柜', '暖气', '宽带', '可做饭', '阳台']",附近标识：山师、山艺、千医、省中医、八院二、小区介绍：以精装小户型为主，电梯房，配套设施齐全，成熟商圈，文化底蕴深厚，入住多为年轻人，有朝气.三、公交直达：省杂技团18路48路75路110路123路K59路K94路；山师东路文化东路31路K93路；附近其他公交站点有山大路文化东路.和平路历山东路.文化东路西口.经十路山师东路。
